0,https://en.wikipedia.org/wiki/Grinnell_College
2,https://en.wiktionary.org/wiki/quintile
13,https://books.google.com/books?id=7yhCAAAAIAAJ&pg=PA86
4,https://www.grinnell.edu/
11,https://www.grinnell.edu/news/grinnell-college-buys-downtown-properties-plans-demolition-vacant-building
7,https://www.grinnell.edu/academics/majors-concentrations/physics-astronomy/3-2-engineering
21,http://comm.sites.grinnell.edu/timeline/
33,http://www.usaultimate.org/news/2011-d-iii-college-championships--sunday-open-recap/
30,http://collegesearch.collegeboard.com/search/CollegeDetail.jsp?collegeId=442&profileId=2
40,http://www.fakepapr.com
9,https://www.grinnell.edu/after-grinnell/cls/students/fellowships-awards/national-recipients
12,http://golf.grinnell.edu/
46,https://www.grinnell.edu/campus-life/conversations/unionization
55,https://en.wikipedia.org/w/index.php?title=Template:Colleges_and_universities_in_Iowa&action=edit
56,https://en.wikipedia.org/w/index.php?title=Template:Midwest_Conference_navbox&action=edit
26,http://www.cs.grinnell.edu/~rebelsky/about-eoc.html#merit
64,"https://en.wikipedia.org/wiki/Charles_du_Fresne,_sieur_du_Cange#Works"
27,http://www.grinnell.edu/academic/
62,https://fi.wiktionary.org/wiki/kvintiili
17,http://www.rawnarch.com/grinnell
23,https://www.timeshighereducation.com/rankings/united-states/2019#!/page/0/length/50/sort_by/rank/sort_order/asc/cols/stats
25,https://www.forbes.com/colleges/grinnell-college/
14,https://www.grinnell.edu/grinnellprize
3,http://thesandb.com
133,https://www.facebook.com/grinnellcollege
119,https://alumni.grinnell.edu/news-awards
268,https://en.wikipedia.org/wiki/Quincea%C3%B1era
49,http://www.u-s-history.com/pages/h1610.html
42,http://www.grinnell.edu/commencement
254,https://golf.grinnell.edu/product-category/season-passes-fees/
259,https://golf.grinnell.edu/my-account/
60,https://en.wikipedia.org/w/index.php?title=Template:Oberlin_Group&action=edit
108,https://books.google.com/books?id=7yhCAAAAIAAJ&source=gbs_navlinks_s
103,http://www.amazon.com/exec/obidos/external-search/?field-keywords=Men+Events+Forty+Years&index=books
77,https://wikimediafoundation.org/
172,http://www.grinnell.edu/about/policies/nondiscrimination
188,http://play.usaultimate.org/teams/events/team_rankings/?RankSet=College-Women
432,https://www.forbes.com/china-billionaires/
309,"https://en.wikipedia.org/w/index.php?title=Charles_du_Fresne,_sieur_du_Cange&oldid=907668171"
402,https://rawnarch.com/winsor_school?t=12
20,http://www.thesandb.com/article/phase-i-of-campus-construction-costs-140-million-prompts-short-term-endowment-splurge.html
150,https://comm.sites.grinnell.edu/projects/hssc/process/
8,https://engineering.dartmouth.edu/academics/undergraduate/dual/
355,https://rawnarch.com/swarthmore_college?t=9
126,https://www.instagram.com/p/B2ETps4D5Eq/
448,https://www.forbes.com/sites/amazonwebservices
164,http://www.mcgough.com/
391,https://rawnarch.com/berklee?t=12
194,https://www.usaultimate.org/news/default.aspx?CategoryId=5
58,https://en.wikipedia.org/w/index.php?title=Template:Associated_Colleges_of_the_Midwest&action=edit
6,https://www.grinnell.edu/after-grinnell/cls/students/grants-funding
139,https://www.grinnell.edu/user/tjossem
122,https://www.youvisit.com/tour/grinnell?pl=v
240,https://golf.grinnell.edu/accolades/
428,https://www.forbes.com/worlds-billionaires/
490,https://www.forbes.com/sites/usbank
105,https://books.google.com/books?id=7yhCAAAAIAAJ&sitesec=buy&source=gbs_buy_r
416,http://www.addthis.com/bookmark.php?v=250&pubid=xa-51053314288a3798
107,https://books.google.com/books?id=7yhCAAAAIAAJ&sitesec=reviews
243,https://golf.grinnell.edu/season-passes/
171,http://www.grinnell.edu/about/policies/copyright
34,http://www.ncaasports.com/basketball/mens/story/8141645
74,https://foundation.wikimedia.org/wiki/Privacy_policy
282,https://en.wikipedia.org/wiki/Template:Midwest_Conference_navbox
57,https://en.wikipedia.org/w/index.php?title=Template:Annapolis_Group&action=edit
272,https://en.wikipedia.org/w/index.php?title=Special:CreateAccount&campaign=anoneditwarning&returnto=Template:Colleges_and_universities_in_Iowa
53,http://www.grinnell.edu/about/offices-services/communications/magazine
226,https://www.facebook.com/grinnellcollegegolfcourse
242,https://golf.grinnell.edu/rates/
75,https://www.mediawiki.org/wiki/Special:MyLanguage/How_to_contribute
229,https://golf.grinnell.edu/cart/
181,http://play.usaultimate.org/members/login/
112,http://catalog.grinnell.edu
155,https://comm.sites.grinnell.edu/projects/asfs/committee/
216,https://play.usaultimate.org/events/events/2019-USA-Ultimate-National-Team-Coaching-Symposium/eventdetails/
41,http://www.segrinnell.org/about/history/
198,http://play.usaultimate.org/events/league/
296,https://www.wikidata.org/wiki/Q442240
271,https://en.wikipedia.org/w/index.php?title=Special:UserLogin&returnto=Template:Colleges_and_universities_in_Iowa
18,http://www.grinnell.edu/about/offices-services/residence-life/residence-halls
52,http://www.grinnell.edu/
80,https://www.google.com/search?tab=pw
63,http://ducange.enc.sorbonne.fr/QUINTILE
68,https://el.wiktionary.org/wiki/quintile
78,https://www.mediawiki.org/
29,https://www.desmoinesregister.com/story/news/2018/10/22/ranking-iowa-college-university-grinnell-drake-luther-central-northwestern-tuition-student-loan-debt/1725994002/
69,https://fr.wiktionary.org/wiki/quintile
87,https://drive.google.com/?tab=po
28,https://www.nytimes.com/2018/11/19/well/family/when-a-college-student-comes-home-to-stay.html
37,http://bleacherreport.com/articles/1856112-grinnell-super-scorer-jack-taylor-opens-up-about-stats-style-of-play?hpt=hp_t3
95,http://books.google.com/support/topic/4359341?hl=en
45,https://www.desmoinesregister.com/story/news/education/2017/09/25/these-iowa-students-want-their-college-most-unionized-campus-country/692777001/
83,https://play.google.com/?hl=en&tab=p8
35,https://sports.yahoo.com/ncaa/basketball/blog/the_dagger/post/Grinnell-College-star-shatters-Division-III-reco?urn=ncaab-wp6348
36,http://msn.foxsports.com/collegebasketball/story/D3-Grinnell-player-scores-138-points-in-a-game-to-smash-NCAA-record-112012/?ocid=ansfox11
32,https://www.nytimes.com/interactive/projects/college-mobility/grinnell-college
102,http://net.ondemandbooks.com/google/7yhCAAAAIAAJ
24,http://www.kiplinger.com/tool/college/T014-S001-kiplinger-s-best-values-in-private-colleges/index.php?table=lib_arts
91,https://www.google.com/accounts/Login?service=print&continue=https://books.google.com/books%3Fop%3Dlookup%26id%3D7yhCAAAAIAAJ%26continue%3Dhttps://books.google.com/books%253Fid%253D7yhCAAAAIAAJ%2526pg%253DPA86%2526hl%253Den&hl=en
82,https://maps.google.com/maps?hl=en&tab=pl
44,http://www.thesandb.com/article/ugsdw-negotiates-2-7-percent-pay-raise.html
38,http://espn.go.com/mens-college-basketball/story/_/id/9993353/grinnell-jack-taylor-scores-109-points-24-3-pointers
127,https://www.instagram.com/p/B1y-EfXHtKE/
72,https://vi.wiktionary.org/wiki/quintile
89,https://www.google.com/accounts/Login?service=print&continue=https://books.google.com/books%3Fid%3D7yhCAAAAIAAJ%26pg%3DPA86%26hl%3Den&hl=en
22,https://www.forbes.com/top-colleges/list/
48,https://www.npr.org/sections/thetwo-way/2016/08/23/491090762/nlrb-rules-graduate-students-are-employees-with-the-right-to-unionize
110,https://books.google.com/books?id=7yhCAAAAIAAJ&pg=PA87&focus=viewport
138,http://omeka1.grinnell.edu/PhysicsInstrumentMuseum
129,https://admission.grinnell.edu/register/requestinformation
94,https://www.google.com/accounts/Login?service=print&continue=https://books.google.com/books%3Fop%3Dlibrary&hl=en
39,http://web.grinnell.edu/groups/invest/
106,https://books.google.com/books?id=7yhCAAAAIAAJ&printsec=frontcover
5,https://www.princetonreview.com/college/grinnell-college-1023453
31,http://www.grinnell.edu/admission/apply/international/finaid/
59,https://en.wikipedia.org/w/index.php?title=Template:CLAC&action=edit
65,https://en.wiktionary.org/w/index.php?title=quintile&oldid=53431701
146,https://comm.sites.grinnell.edu
73,https://zh.wiktionary.org/wiki/quintile
125,https://www.instagram.com/p/B2PQBpcjMoR/
109,https://books.google.com/books?id=7yhCAAAAIAAJ&pg=PA85&focus=viewport
97,https://books.google.com/books/download/Men_and_Events_of_Forty_Years.epub?id=7yhCAAAAIAAJ&output=epub
104,https://books.google.com/url?id=7yhCAAAAIAAJ&pg=PA86&q=http://worldcat.org/oclc/1031867569&clientid=librarylink&usg=AFQjCNEIa7wBK3tX41gYVJb9v9Kige25KQ&source=gbs_buy_r
10,https://www.princetonreview.com/college-rankings?rankings=best-athletic-facilities
114,https://grinnell.joinhandshake.com/login
152,https://comm.sites.grinnell.edu/projects/hssc/reports-documents/
158,https://comm.sites.grinnell.edu/projects/clew/overview/
153,https://comm.sites.grinnell.edu/projects/asfs/
135,https://www.youtube.com/grinnellcollege
85,https://news.google.com/nwshp?hl=en&tab=pn
157,https://comm.sites.grinnell.edu/projects/clew/
99,https://books.google.com/books?pg=PA86&id=7yhCAAAAIAAJ&output=text
156,https://comm.sites.grinnell.edu/projects/asfs/reports-documents/
81,https://www.google.com/search?hl=en&tbm=isch&source=og&tab=pi
174,http://www.grinnell.edu/sexualrespect
70,https://io.wiktionary.org/wiki/quintile
47,https://www.npr.org/2018/12/11/675543037/iowa-college-becomes-battleground-for-student-worker-unionization
131,https://bookstore.grinnell.edu
186,http://play.usaultimate.org/teams/events/rankings/
130,https://admission.grinnell.edu/portal/campus-visit
163,https://comm.sites.grinnell.edu/watch-the-transformation/
92,https://books.google.com/books?id=7yhCAAAAIAAJ&printsec=frontcover&source=gbs_vpt_read
154,https://comm.sites.grinnell.edu/projects/asfs/overview/
162,https://comm.sites.grinnell.edu/timeline/
167,http://www.grinnell.edu/about/visit/maps
151,https://comm.sites.grinnell.edu/projects/hssc/committee/
76,https://foundation.wikimedia.org/wiki/Cookie_statement
180,https://www.youtube.com/usaultimate
141,http://engineering.wustl.edu/DualDegreeProgram.aspx
191,http://play.usaultimate.org/teams/events/team_rankings/?RankSet=Club-Women
182,https://www.usaultimate.org/pulltogether/
84,https://www.youtube.com/results?gl=US&tab=p1
166,http://www.grinnell.edu/forms/contact-grinnell-college
175,https://wordpress.org/
128,http://www.instagram.com/grinnellcollege
161,https://comm.sites.grinnell.edu/updates/
67,https://et.wiktionary.org/wiki/quintile
101,http://dogbert.abebooks.com/servlet/SearchResults?tn=Men+Events+Forty+Years
189,http://play.usaultimate.org/teams/events/team_rankings/?RankSet=Club-Men
145,https://comm.sites.grinnell.edu/
117,https://alumni.grinnell.edu/giving-to-grinnell
123,https://www.grinnell.edu/calendars/frontpage-hotevents?trumbaEmbed=view%3devent%26eventid%3d365930606
227,https://plus.google.com/105942200419812987557
100,https://play.google.com/store/books/details?id=7yhCAAAAIAAJ&rdid=book-7yhCAAAAIAAJ&rdot=1
43,http://labornotes.org/2018/11/iowa-pioneering-undergrad-workers-union-keeps-growing
190,http://play.usaultimate.org/teams/events/team_rankings/?RankSet=Club-Mixed
210,https://www.usaultimate.org/tdcp/
204,https://play.usaultimate.org/events/TCT-Select-Flight-Invite-West-2019/
192,http://www.youtube.com/user/usaultimate
234,https://golf.grinnell.edu/shane-hart-gm/
140,http://www.studentaffairs.columbia.edu/admissions/engineering/combined
236,https://golf.grinnell.edu/pro-shop-attendants/
185,https://play.google.com/store/apps/details?id=org.usaultimate.usaultimate&hl=en
230,https://golf.grinnell.edu/
66,https://en.wiktionary.org/wiki/Help:Contents
1,http://www.grinnell.edu
239,https://golf.grinnell.edu/eventspace/
199,https://play.usaultimate.org/events/2019-USA-Ultimate-Beach-Championships/
221,http://just5100.temp.domains/~fakepapr/wp-login.php
50,https://commons.wikimedia.org/wiki/Grinnell_College
217,http://play.usaultimate.org/
160,https://comm.sites.grinnell.edu/projects/clew/reports-documents/
235,https://golf.grinnell.edu/alex-olsen-superintendent/
232,https://golf.grinnell.edu/history/
193,https://www.usaultimate.org/news/default.aspx?CategoryId=18
215,http://play.usaultimate.org/events/tournament/?ViewAll=false&IsLeagueType=false&IsClinic=true&FilterByCategory=AE&ClinicTypeId=1
211,https://www.usaultimate.org/membership/default.aspx#Registration_Forms
118,https://alumni.grinnell.edu/volunteering
184,https://itunes.apple.com/us/app/usa-ultimate/id1032772331?mt=8
19,http://chronicle.com/weekly/v52/i31/31a01501.htm
274,https://www.mediawiki.org/wiki/Extension:TemplateSandbox
203,https://play.usaultimate.org/events/TCT-Select-Flight-Invite-East-2019/
202,https://play.usaultimate.org/events/TCT-Pro-Elite-Challenge-2019/
265,https://golf.grinnell.edu/4630-2/
247,https://grinnell.teesnap.net
201,https://play.usaultimate.org/events/TCT-Elite-Select-Challenge-2019/
238,https://golf.grinnell.edu/certified-lifeguards/
54,https://en.wikisource.org/wiki/The_New_International_Encyclop%C3%A6dia/Iowa_College
170,http://www.grinnell.edu/privacy-statement
179,https://plus.google.com/u/0/106652851630933181480/posts
241,https://golf.grinnell.edu/golf-course/
285,https://github.com/rebelsky/web-site/issues
233,https://golf.grinnell.edu/staff/
90,https://books.google.com/books?id=7yhCAAAAIAAJ&pg=PA86&hl=en&output=html_text
256,https://golf.grinnell.edu/product-category/season-passes-fees/fees-associated-with-membership/
71,https://fi.wiktionary.org/wiki/quintile
200,https://www.usaultimate.org/youth/default.aspx#season_hs
260,https://golf.grinnell.edu/masters-pool-2018/
295,"https://en.wikisource.org/wiki/1911_Encyclop%C3%A6dia_Britannica/Du_Cange,_Charles_du_Fresne"
300,http://www.biografischportaal.nl/en/persoon/02115655
258,https://golf.grinnell.edu/checkout/
209,http://gum.usaultimate.org
293,https://books.google.com/books?id=_c4GAAAAQAAJ&pg=PA1#v=onepage&q&f=false
273,https://foundation.wikimedia.org/wiki/Terms_of_Use
134,https://www.twitter.com/grinnellcollege
311,"https://commons.wikimedia.org/wiki/Category:Charles_du_Fresne,_sieur_du_Cange"
214,https://www.usaultimate.org/about/contact_us/other.aspx#observers
147,https://comm.sites.grinnell.edu/projects/
298,https://catalogue.bnf.fr/ark:/12148/cb12410963q
290,https://books.google.com/books?id=-ZNEAAAAcAAJ
93,https://play.google.com/books/reader?id=7yhCAAAAIAAJ&printsec=frontcover&source=gbs_vpt_read
96,https://books.google.com/advanced_book_search
267,https://golf.grinnell.edu/contact-us/
197,http://play.usaultimate.org/events/tournament/
266,https://golf.grinnell.edu/golf-course-news/
245,https://golf.grinnell.edu/outings/
177,https://www.facebook.com/pages/USA-Ultimate/119701558067872
314,"https://ast.wikipedia.org/wiki/Charles_du_Fresne,_se%C3%B1or_Du_Cange"
253,https://golf.grinnell.edu/product-category/merchandise/bags-balls-clubs-and-accessories/
286,http://www.cs.grinnell.edu/~rebelsky/about-eoc.html
328,"https://pl.wikipedia.org/wiki/Charles_du_Fresne,_sieur_du_Cange"
277,https://donate.wikimedia.org/wiki/Special:FundraiserRedirector?utm_source=donate&utm_medium=sidebar&utm_campaign=C13_en.wikipedia.org&uselang=en
276,https://en.wikipedia.org/wiki/Template:Colleges_and_universities_in_Iowa
231,https://golf.grinnell.edu/about-us/
294,https://en.wikisource.org/wiki/Catholic_Encyclopedia_(1913)/Charles_Dufresne_Du_Cange
212,https://www.usaultimate.org/rules/
327,"https://hu.wikipedia.org/wiki/Charles_du_Fresne,_sieur_du_Cange"
183,https://www.usaultimate.org/equity/
165,https://www.grinnell.edu/node/4759
326,https://lmo.wikipedia.org/wiki/Du_Cange
315,https://bg.wikipedia.org/wiki/%D0%A8%D0%B0%D1%80%D0%BB_%D0%B4%D1%8E_%D0%9A%D0%B0%D0%BD%D0%B6
322,https://fr.wikipedia.org/wiki/Charles_du_Fresne
289,"https://en.wikipedia.org/w/index.php?title=Charles_du_Fresne,_sieur_du_Cange&action=edit"
51,https://commons.wikimedia.org/wiki/Special:Search/Category:Grinnell_College
261,https://golf.grinnell.edu/leagues/
292,http://anemi.lib.uoc.gr/metadata/f/4/b/metadata-01-0000493.tkl
173,http://www.grinnell.edu/consumer-information
264,https://golf.grinnell.edu/tournament-schedule/
349,https://rawnarch.com/grinnell?t=9
124,https://www.grinnell.edu/calendars/frontpage-hotevents?trumbaEmbed=view%3devent%26eventid%3d365930607
218,https://www.usaultimate.org/competition/college_division/division_iii_college_championships/default.aspx
237,https://golf.grinnell.edu/grounds/
332,"https://sq.wikipedia.org/wiki/Charles_du_Fresne,_sieur_du_Cange"
364,https://rawnarch.com/keene_state?t=10
354,https://rawnarch.com/node/257?t=9
223,https://my.bluehost.com/
205,https://play.usaultimate.org/events/TCT-Pro-Championships-2019/
338,https://fi.wiktionary.org/w/index.php?title=kvintiili&oldid=3163874
284,https://rebelsky.youcanbook.me
319,https://el.wikipedia.org/wiki/%CE%94%CE%BF%CF%85%CE%BA%CE%AC%CE%B3%CE%B3%CE%B9%CE%BF%CF%82
149,https://comm.sites.grinnell.edu/projects/hssc/overview/
196,https://www.usaultimate.org/news/default.aspx?CategoryId=7
187,http://play.usaultimate.org/teams/events/team_rankings/?RankSet=College-Men
115,https://alumni.grinnell.edu
335,https://www.wikidata.org/wiki/Special:EntityPage/Q442240#sitelinks-wikipedia
159,https://comm.sites.grinnell.edu/projects/clew/commitee/
358,https://rawnarch.com/northwestern-lincoln-street?t=9
312,https://en.wikisource.org/wiki/Author:Charles_du_Fresne
342,https://rawnarch.com/firm-profile-overview
350,https://rawnarch.com/mit?t=9
368,https://rawnarch.com/suny_alfred?t=10
330,"https://ro.wikipedia.org/wiki/Charles_du_Fresne,_sieur_du_Cange"
280,https://en.wikipedia.org/w/index.php?title=Special:CreateAccount&campaign=anoneditwarning&returnto=Template:Midwest_Conference_navbox
251,https://golf.grinnell.edu/product-category/merchandise/mens-apparel/
206,https://play.usaultimate.org/events/2019-USA-Ultimate-Masters-Championships/
213,https://www.usaultimate.org/resources/officiating/rules/11th_edition_rules.aspx
263,https://golf.grinnell.edu/womens-league/
304,https://trove.nla.gov.au/people/1166768
382,https://rawnarch.com/phillips_academy?t=11
383,https://rawnarch.com/milton_pritzker?t=11
281,https://www.wikidata.org/wiki/Special:EntityPage/Q20366248
257,https://golf.grinnell.edu/product-category/gift-cards/
301,https://d-nb.info/gnd/116231882
357,https://rawnarch.com/tufts_university?t=9
395,https://rawnarch.com/sonoma?t=12
388,https://rawnarch.com/umbc_performing_arts?t=11
287,http://validator.w3.org/check?uri=/~rebelsky/about-eoc.html
279,https://en.wikipedia.org/w/index.php?title=Special:UserLogin&returnto=Template:Midwest_Conference_navbox
325,"https://la.wikipedia.org/wiki/Carolus_du_Fresne,_Dominus_du_Cange"
291,http://ducange.enc.sorbonne.fr
316,"https://ca.wikipedia.org/wiki/Charles_du_Fresne,_sieur_du_Cange"
384,https://rawnarch.com/StanfordHoover?t=11
366,https://rawnarch.com/miami_university?t=10
169,http://www.grinnell.edu/accessibility-statement
389,https://rawnarch.com/bowdoin_recital?t=12
360,https://rawnarch.com/Duke-K4?t=9
248,https://golf.grinnell.edu/pro-shop/
255,https://golf.grinnell.edu/product-category/season-passes-fees/season-passes/
379,https://rawnarch.com/northeastern_gh?t=11
410,https://rawnarch.com/uva_campus_arts_precinct?t=14
352,https://rawnarch.com/northeastern_gh?t=9
392,https://rawnarch.com/northeastern_blackman_campus?t=12
346,https://rawnarch.com/berklee?t=9
434,https://www.forbes.com/indonesia-billionaires/
433,https://www.forbes.com/india-billionaires/
361,https://rawnarch.com/node/305?t=9
377,https://rawnarch.com/stanford_university?t=11
297,http://catalogo.bne.es/uhtbin/authoritybrowse.cgi?action=display&authority_id=XX1590442
375,https://rawnarch.com/node/299?t=10
415,https://rawnarch.com/node/296?t=15
421,https://www.timeshighereducation.com/unijobs/newalert/
414,https://rawnarch.com/node/300?t=15
207,https://play.usaultimate.org/events/2019-US-Open-Club-Championship/
244,https://golf.grinnell.edu/golf-course/5605-2/
142,http://www.admissions.caltech.edu/content/32-program
442,https://www.forbes.com/malaysia-billionaires/
439,https://www.forbes.com/singapore-billionaires/
334,"https://tr.wikipedia.org/wiki/Charles_du_Fresne,_sieur_du_Cange"
446,https://www.forbes.com/ai/
387,https://rawnarch.com/node/299?t=11
299,https://data.bnf.fr/ark:/12148/cb12410963q
445,https://www.forbes.com/innovation/
469,https://www.forbes.com/cmo-network/
347,https://rawnarch.com/brandeis_ridgewood?t=9
249,https://golf.grinnell.edu/shop/
252,https://golf.grinnell.edu/product-category/merchandise/womens-apparel/
113,https://wa3.grinnell.edu/WAPRFA/WebAdvisor?type=P&pid=ST-X3WSEI
305,https://www.idref.fr/033221618
306,https://www.getty.edu/vow/ULANFullDisplay?find=&role=&nation=&subjectid=500278116
456,https://www.forbes.com/green-tech/
429,https://www.forbes.com/billionaires/
430,https://www.forbes.com/forbes-400/
343,https://rawnarch.com/sustainability
478,https://www.forbes.com/money/
303,https://aleph.nkp.cz/F/?func=find-c&local_base=aut&ccl_term=ica=mzk2003197690&CON_LNG=ENG
454,https://www.forbes.com/sites/extrahop/
333,https://sv.wikipedia.org/wiki/Charles_Du_Cange
447,https://www.forbes.com/big-data/
492,https://www.forbes.com/aerospace-defense
455,https://www.forbes.com/games/
473,https://www.forbes.com/women-at-forbes/
365,https://rawnarch.com/berklee?t=10
396,https://rawnarch.com/umbc_performing_arts?t=12
417,http://www.designandco.net/
406,https://rawnarch.com/northeastern_abc?t=14
435,https://www.forbes.com/korea-billionaires/list/
472,https://www.forbes.com/education/
466,https://www.forbes.com/venture-capital/
514,https://www.forbes.com/dining/
520,https://www.forbes.com/vices/
427,https://www.forbes.com/
419,https://www.timeshighereducation.com/unijobs
411,https://rawnarch.com/wheaton_college?t=14
436,https://www.forbes.com/japan-billionaires/list/
132,http://jobs.grinnell.edu
501,https://www.forbes.com/sportsmoney
390,https://rawnarch.com/babson_performing_arts_center?t=12
380,https://rawnarch.com/celebration?t=11
344,https://rawnarch.com/connect
302,https://id.loc.gov/authorities/names/n85010480
491,https://www.forbes.com/business/
400,https://rawnarch.com/DukeArts?t=12
339,https://en.wiktionary.org/wiki/kvintiili
441,https://www.forbes.com/hong-kong-billionaires/
486,https://www.forbes.com/markets/
397,https://rawnarch.com/univ_virginia_campus?t=12
458,https://www.forbes.com/sites/japan/
376,https://rawnarch.com/node/262?t=10
317,"https://da.wikipedia.org/wiki/Charles_du_Fresne,_sieur_du_Cange"
341,https://rawnarch.com
519,https://www.forbes.com/travel/
507,https://www.forbes.com/small-business-strategy
452,https://www.forbes.com/cybersecurity/
541,https://www.forbes.com/sites/f45training/2019/08/20/are-you-fit-for-a-franchise-see-if-you-match-these-4-owner-personas/
369,https://rawnarch.com/winsor_school?t=10
550,https://www.forbes.com/sites/hubinternational/2019/08/19/benefits-2020-tackling-employee-financial-stress/#5a147bd01525
512,https://www.forbes.com/cars-bikes/
495,https://www.forbes.com/manufacturing
523,https://www.forbes.com/advisor/
474,https://www.forbes.com/sites/googlecloud/
471,https://www.forbes.com/diversity-inclusion/
372,https://rawnarch.com/node/254?t=10
575,https://www.facebook.com/dialog/feed?app_id=123694841080850&link=https%3A%2F%2Fwww.forbes.com%2Fsites%2Fwesleywhistle%2F2019%2F09%2F19%2Fwhat-new-mexico-gets-wrong-about-free-college%2F&picture=https%3A%2F%2Fthumbor.forbes.com%2Fthumbor%2Ffit-in%2F440x0%2Ffilters%253Aformat%2528jpg%2529%2Fhttps%253A%252F%252Fspecials-images.forbesimg.com%252Fimageserve%252F5546a896658447bd8dcfd775708e782d%252F0x0.jpg&name=What%20New%20Mexico%20Gets%20Wrong%20About%20Free%20College&caption=www.forbes.com&description=New%20Mexico%20announces%20a%20free%20college%20program%2C%20but%20it%20misses%20the%20mark.
511,https://www.forbes.com/sites/capitalone/
561,https://preferences-mgr.truste.com/?pid=forbes01&amp;aid=forbes_mobile01
453,https://www.forbes.com/enterprise-tech/
467,https://www.forbes.com/leadership/
444,https://www.forbes.com/sites/danalexander/2019/08/14/heres-the-net-worth-of-every-2020-presidential-candidate/#6abd60b237c5
580,https://twitter.com/intent/tweet?url=https%3A%2F%2Fwww.forbes.com%2Fsites%2Fellevate%2F2019%2F09%2F19%2Fthese-two-essential-books-will-skyrocket-your-career-success%2F&via=forbes&text=These%20Two%20Essential%20Books%20Will%20Skyrocket%20Your%20Career%20Success
440,https://www.forbes.com/philippines-billionaires/
570,https://www.forbes.com/sites/ryancraig/2019/09/20/college-graduates-are-between-two-ferns/
517,https://www.forbes.com/spirits/
506,https://www.forbes.com/franchises
536,https://www.forbes.com/sites/awsmediaandentertainment/2019/09/12/how-to-thrive-in-todays-disrupted-media-markets/
532,https://www.forbes.com/advisor/credit-cards/best/hotel/
509,https://www.forbes.com/arts/
522,https://www.forbes.com/lists/
443,https://www.forbes.com/money-politics
275,https://www.wikidata.org/wiki/Special:EntityPage/Q7643088
148,https://comm.sites.grinnell.edu/projects/hssc/
356,https://rawnarch.com/trinity_college?t=9
413,https://rawnarch.com/stanford_university?t=15
450,https://www.forbes.com/cloud100/
606,https://www.forbes.com/sites/rodberger/2019/09/18/a-focus-on-early-stem-education-for-future-career-growth/
516,https://www.forbes.com/forbeslife/
504,https://www.forbes.com/small-business
576,https://twitter.com/intent/tweet?url=https%3A%2F%2Fwww.forbes.com%2Fsites%2Fwesleywhistle%2F2019%2F09%2F19%2Fwhat-new-mexico-gets-wrong-about-free-college%2F&via=forbes&text=What%20New%20Mexico%20Gets%20Wrong%20About%20Free%20College
373,https://rawnarch.com/UAlbany-SUNY?t=10
572,https://twitter.com/intent/tweet?url=https%3A%2F%2Fwww.forbes.com%2Fsites%2Fryancraig%2F2019%2F09%2F20%2Fcollege-graduates-are-between-two-ferns%2F&via=forbes&text=College%20Graduates%20Are%20%E2%80%9CBetween%20Two%20Ferns%E2%80%9D
587,https://www.facebook.com/dialog/feed?app_id=123694841080850&link=https%3A%2F%2Fwww.forbes.com%2Fsites%2Fzackfriedman%2F2019%2F09%2F19%2Fnew-mexico-announces-free-college%2F&picture=https%3A%2F%2Fthumbor.forbes.com%2Fthumbor%2Ffit-in%2F440x0%2Ffilters%253Aformat%2528jpg%2529%2Fhttps%253A%252F%252Fspecials-images.forbesimg.com%252Fdam%252Fimageserve%252Fa2e6f0c2c3cb4293afe822b9a5fc4f92%252F0x0.jpg%253Ffit%253Dscale&name=New%20Mexico%20Announces%20Free%20College&caption=www.forbes.com&description=New%20Mexico%20announces%20historic%20%22free%20college%22%20program.
482,https://www.forbes.com/fintech/
599,https://www.facebook.com/dialog/feed?app_id=123694841080850&link=https%3A%2F%2Fwww.forbes.com%2Fsites%2Fevangerstmann%2F2019%2F09%2F18%2Fcollege-admissions-scandal-goes-international-as-new-parent-is-arrested%2F&picture=https%3A%2F%2Fthumbor.forbes.com%2Fthumbor%2Ffit-in%2F440x0%2Ffilters%253Aformat%2528jpg%2529%2Fhttps%253A%252F%252Fspecials-images.forbesimg.com%252Fdam%252Fimageserve%252F1126588179%252F0x0.jpg%253Ffit%253Dscale&name=College%20Admissions%20Scandal%20Goes%20International%20As%20Chinese%20Parent%20Is%20Arrested&caption=www.forbes.com&description=The%20college%20admission%20scandal%20has%20gone%20international%20in%20a%20case%20involving%20the%20University%20of%20California%2C%20Los%20Angeles%20(UCLA).%20A%20Chinese%20citizen%20who%20lives%20in%20Canada%20has%20been%20arrested%20in%20Spain%20for%20paying%20the%20alleged%20scheme%20mastermind%20Peter%20Singer%20%24400%2C000.
607,https://www.facebook.com/dialog/feed?app_id=123694841080850&link=https%3A%2F%2Fwww.forbes.com%2Fsites%2Frodberger%2F2019%2F09%2F18%2Fa-focus-on-early-stem-education-for-future-career-growth%2F&picture=https%3A%2F%2Fthumbor.forbes.com%2Fthumbor%2Ffit-in%2F440x0%2Ffilters%253Aformat%2528jpg%2529%2Fhttps%253A%252F%252Fblogs-images.forbes.com%252Frodberger%252Ffiles%252F2019%252F09%252FF8A1963-1200x800.jpg&name=A%20Focus%20On%20Early%20STEM%20Education%20For%20Future%20Career%20Growth&caption=www.forbes.com&description=Today%20in%20the%20U.S.%2C%20only%2018%25%20of%20all%20people%20graduating%20with%20computing%20degrees%20are%20female.%20If%20the%20current%20trends%20persist%2C%20only%20one%20in%20five%20computing%20jobs%20will%20be%20held%20by%20a%20woman%2C%20which%20is%20a%20shame%E2%80%93%E2%80%93that%E2%80%99s%20nearly%20half%20the%20human%20creativity%20and%20ingenuity%20missing%20from%20the%20picture.
600,https://twitter.com/intent/tweet?url=https%3A%2F%2Fwww.forbes.com%2Fsites%2Fevangerstmann%2F2019%2F09%2F18%2Fcollege-admissions-scandal-goes-international-as-new-parent-is-arrested%2F&via=forbes&text=College%20Admissions%20Scandal%20Goes%20International%20As%20Chinese%20Parent%20Is%20Arrested
359,https://rawnarch.com/node/250?t=9
470,https://www.forbes.com/sites/deloitte/
569,https://www.linkedin.com/shareArticle?mini=true&url=https%3A%2F%2Fwww.forbes.com%2Fsites%2Fschifrin%2F2017%2F08%2F02%2F2017-college-financial-grades-how-fit-is-your-school%2F&title=2017%20College%20Financial%20Grades%3A%20How%20Fit%20Is%20Your%20School%3F&summary=Financial%20Fitness%20Test%3A%20Is%20your%20college%20or%20university%20an%20A%20plus%20or%20D%20student%3F
591,https://www.facebook.com/dialog/feed?app_id=123694841080850&link=https%3A%2F%2Fwww.forbes.com%2Fsites%2Fnickmorrison%2F2019%2F09%2F19%2Fone-in-three-parents-would-take-their-kids-out-of-flagship-schools%2F&picture=https%3A%2F%2Fthumbor.forbes.com%2Fthumbor%2Ffit-in%2F440x0%2Ffilters%253Aformat%2528jpg%2529%2Fhttps%253A%252F%252Fspecials-images.forbesimg.com%252Fdam%252Fimageserve%252F583674770%252F0x0.jpg%253Ffit%253Dscale&name=One%20In%20Three%20Parents%20Would%20Take%20Their%20Kids%20Out%20Of%20Flagship%20Schools&caption=www.forbes.com&description=Although%20much-loved%20by%20government%2C%20controversial%20schools%20have%20failed%20to%20win%20the%20hearts%20and%20minds%20of%20parents%2C%20with%20many%20worried%20that%20they%20put%20profits%20before%20children%E2%80%99s%20best%20interests.
556,https://www.forbes.com/sites/sapconcur/2019/09/04/road-warrior-renaissance-how-ai-is-rebooting-business-travel/
568,https://twitter.com/intent/tweet?url=https%3A%2F%2Fwww.forbes.com%2Fsites%2Fschifrin%2F2017%2F08%2F02%2F2017-college-financial-grades-how-fit-is-your-school%2F&via=forbes&text=2017%20College%20Financial%20Grades%3A%20How%20Fit%20Is%20Your%20School%3F
527,https://www.forbes.com/advisor/credit-cards/best/sign-up-bonuses/
605,https://www.linkedin.com/shareArticle?mini=true&url=https%3A%2F%2Fwww.forbes.com%2Fsites%2Fchristopherrim%2F2019%2F09%2F18%2Fhow-to-stop-procrastinating-on-college-essays%2F&title=How%20to%20Stop%20Procrastinating%20On%20College%20Essays&summary=The%20main%20thing%20students%20can%20still%20do%20to%20improve%20their%20chances%20is%20to%20work%20on%20their%20essays%E2%80%94which%20puts%20a%20huge%20amount%20of%20pressure%20on%20every%20word%20they%20write.
468,https://www.forbes.com/careers/
498,https://www.forbes.com/policy
592,https://twitter.com/intent/tweet?url=https%3A%2F%2Fwww.forbes.com%2Fsites%2Fnickmorrison%2F2019%2F09%2F19%2Fone-in-three-parents-would-take-their-kids-out-of-flagship-schools%2F&via=forbes&text=One%20In%20Three%20Parents%20Would%20Take%20Their%20Kids%20Out%20Of%20Flagship%20Schools
577,https://www.linkedin.com/shareArticle?mini=true&url=https%3A%2F%2Fwww.forbes.com%2Fsites%2Fwesleywhistle%2F2019%2F09%2F19%2Fwhat-new-mexico-gets-wrong-about-free-college%2F&title=What%20New%20Mexico%20Gets%20Wrong%20About%20Free%20College&summary=New%20Mexico%20announces%20a%20free%20college%20program%2C%20but%20it%20misses%20the%20mark.
168,http://www.grinnell.edu/policies
627,https://www.forbes.com/terms
510,https://www.forbes.com/boats-planes/
513,https://www.forbes.com/sites/colehaan/
424,https://www.timeshighereducation.com/USmethodology2019
324,"https://it.wikipedia.org/wiki/Charles_du_Fresne,_sieur_du_Cange"
630,https://www.forbes.com/sites/forbespr/
543,https://www.forbes.com/daily-cover-stories/
622,https://www.forbes.com/sites/mattsymonds/2019/09/18/feeder-colleges-and-companies-to-stanford-gsb-deep-dive-analysis-of-the-mba-class-of-2020/
404,https://rawnarch.com/PittsburgStateUniversity?t=12
329,https://pt.wikipedia.org/wiki/Du_Cange
497,https://www.forbes.com/media/
489,https://www.forbes.com/taxes/
546,https://www.forbes.com/sites/insights-nuveen/2019/09/18/closed-end-fundamentals-5-answers-to-key-questions/
560,https://www.forbes.com/terms/
362,https://rawnarch.com/washington_university_lofts?t=9
545,https://www.forbes.com/forbes-finds/
597,https://www.linkedin.com/shareArticle?mini=true&url=https%3A%2F%2Fwww.forbes.com%2Fsites%2Ftomvanderark%2F2019%2F09%2F19%2Fa-lesson-we-keep-relearning-its-all-about-relationships%2F&title=A%20Lesson%20We%20Keep%20Relearning%3A%20It's%20All%20About%20Relationships&summary=We%20keep%20rediscovering%20that%20most%20learners%20are%20motivated%20by%20relationships%20and%20grow%20in%20community.
658,http://www.thesandb.com/author/news
632,http://www.forbesmedia.com/
542,https://forbes8.forbes.com/
425,https://www.timeshighereducation.com/world-university-rankings/2018/world-ranking
531,https://www.forbes.com/advisor/credit-cards/best/balance-transfer/
581,https://www.linkedin.com/shareArticle?mini=true&url=https%3A%2F%2Fwww.forbes.com%2Fsites%2Fellevate%2F2019%2F09%2F19%2Fthese-two-essential-books-will-skyrocket-your-career-success%2F&title=These%20Two%20Essential%20Books%20Will%20Skyrocket%20Your%20Career%20Success&summary=The%2080%2F20%20Principle%20by%20Richard%20Koch%20and%20The%20Pomodoro%20Technique%20by%20Francesco%20Cirillo%20are%20essential%20reading%20for%20career%20success.%20Although%20the%20books%20are%20very%20different%20from%20each%20other%2C%20they%20share%20a%20core%20idea%20--%20doing%20more%20with%20less.%20Here's%20how%20these%20books%20could%20be%20a%20game-changer%20for%20your%20career.
246,https://golf.grinnell.edu/sustainability/
564,https://twitter.com/intent/tweet?url=https%3A%2F%2Fwww.forbes.com%2Fsites%2Fschifrin%2F2017%2F08%2F02%2F2017-grateful-grads-index-top-200-best-loved-colleges%2F&via=forbes&text=2017%20Grateful%20Grads%20Index%3A%20Top%20200%20Best-Loved%20Colleges
385,https://rawnarch.com/node/302?t=11
646,http://www.thesandb.com/sections/features
515,https://www.forbes.com/forbes-travel-guide/
629,https://www.forbes.com/sites/careers-at-forbes/
386,https://rawnarch.com/hbs?t=11
573,https://www.linkedin.com/shareArticle?mini=true&url=https%3A%2F%2Fwww.forbes.com%2Fsites%2Fryancraig%2F2019%2F09%2F20%2Fcollege-graduates-are-between-two-ferns%2F&title=College%20Graduates%20Are%20%E2%80%9CBetween%20Two%20Ferns%E2%80%9D&summary=Zach%20Galifianakis%E2%80%99%20Between%20Two%20Ferns%20ran%20sporadically%20on%20Funny%20or%20Die%20for%20nearly%20a%20decade%20and%20showcased%20celebrity%20interviews%20on%20a%20set%20that%20looked%20like%20a%20public%20access%20production%3A%20black%20backdrop%2C%20two%20chairs%2C%20a%20table%2C%20and%20a%20potted%20fern%20on%20either%20side.
524,https://www.forbes.com/advisor/credit-cards/best-credit-cards/
540,https://www.forbes.com/sites/dassaultsystemes/2019/09/16/industry-reborn-how-tech-is-changing-the-way-we-make-things/
674,http://www.thesandb.com/article/first-year-experience-course-aims-to-enhance-student-life.html
644,http://www.thesandb.com
669,http://www.thesandb.com/author/administrator
645,http://www.thesandb.com/sections/news
639,http://www.thesandb.com/staff
676,http://www.thesandb.com/article/makeshift-offers-a-space-for-art-without-rules.html
682,http://www.thesandb.com/wp-login.php
614,https://www.forbes.com/sites/christinasettimi/2019/09/18/imd-and-london-business-school-top-ranking-of-the-best-international-mba-programs/
549,https://www.forbes.com/video/
499,https://www.forbes.com/real-estate
601,https://www.linkedin.com/shareArticle?mini=true&url=https%3A%2F%2Fwww.forbes.com%2Fsites%2Fevangerstmann%2F2019%2F09%2F18%2Fcollege-admissions-scandal-goes-international-as-new-parent-is-arrested%2F&title=College%20Admissions%20Scandal%20Goes%20International%20As%20Chinese%20Parent%20Is%20Arrested&summary=The%20college%20admission%20scandal%20has%20gone%20international%20in%20a%20case%20involving%20the%20University%20of%20California%2C%20Los%20Angeles%20(UCLA).%20A%20Chinese%20citizen%20who%20lives%20in%20Canada%20has%20been%20arrested%20in%20Spain%20for%20paying%20the%20alleged%20scheme%20mastermind%20Peter%20Singer%20%24400%2C000.
431,https://www.forbes.com/self-made-women/
598,https://www.forbes.com/sites/evangerstmann/2019/09/18/college-admissions-scandal-goes-international-as-new-parent-is-arrested/
403,https://rawnarch.com/node/260?t=12
612,https://twitter.com/intent/tweet?url=https%3A%2F%2Fwww.forbes.com%2Fsites%2Fkurtbadenhausen%2F2019%2F09%2F18%2Famericas-best-business-schools-2019-chicago-booth-ranks-on-top%2F&via=forbes&text=America%E2%80%99s%20Best%20Business%20Schools%202019%3A%20Chicago%20Booth%20Ranks%20On%20Top
680,http://www.thesandb.com/article/spaces-on-campus-exploring-the-shaw-waiting-room.html
565,https://www.linkedin.com/shareArticle?mini=true&url=https%3A%2F%2Fwww.forbes.com%2Fsites%2Fschifrin%2F2017%2F08%2F02%2F2017-grateful-grads-index-top-200-best-loved-colleges%2F&title=2017%20Grateful%20Grads%20Index%3A%20Top%20200%20Best-Loved%20Colleges&summary=Which%20colleges%20produce%20the%20happiest%20and%20most%20successful%20alums%3F
408,https://rawnarch.com/stanford_university?t=14
412,https://rawnarch.com/hbs?t=15
449,https://www.forbes.com/cloud/
656,http://www.thesandb.com/sections/multimedia
652,http://www.thesandb.com/sections/arts/concerts
585,https://www.linkedin.com/shareArticle?mini=true&url=https%3A%2F%2Fwww.forbes.com%2Fsites%2Ftaliamilgromelcott%2F2019%2F09%2F19%2Ffoundational-math-launch%2F&title=Can%20Math%20Be%20Joyful%3F&summary=When%20we%20do%20math%20right%2C%20it's%20an%20engine%20of%20opportunity%20and%20a%20predictor%20of%20success%20in%20school%20and%20career.%20But%20so%20often%20math%20lack%20joy%20and%20authenticity.%20A%20new%20report%20commissioned%20by%20100Kin10%20and%20overseen%20by%20dozens%20of%20experts%20lays%20out%20a%20new%20path%20forward.
558,https://www.forbes.com/tips/
687,https://www.facebook.com/recover/initiate?lwv=110&ars=royal_blue_bar
475,https://www.forbes.com/leadership-strategy/
625,https://www.linkedin.com/shareArticle?mini=true&url=https%3A%2F%2Fwww.forbes.com%2Fsites%2Fmattsymonds%2F2019%2F09%2F18%2Ffeeder-colleges-and-companies-to-stanford-gsb-deep-dive-analysis-of-the-mba-class-of-2020%2F&title=Feeder%20Colleges%20And%20Companies%20To%20Stanford%20GSB%3A%20Deep%20Dive%20Analysis%20Of%20The%20MBA%20Class%20Of%202020&summary=Before%20you%20conclude%20that%20an%20Ivy%20league%20degree%20and%20prestige%20company%20are%20your%20golden%20ticket%20to%20Stanford%20GSB%2C%20you%E2%80%99ll%20want%20to%20take%20a%20closer%20look.
484,https://www.forbes.com/sites/impactpartners/
537,http://bit.ly/2Y2rVX8
703,https://www.facebook.com/GrinnellCollegeLibraries/?ref=py_c
533,https://www.forbes.com/advisor/credit-cards/best/airline/
353,https://rawnarch.com/northeastern_f?t=9
637,http://www.thesandb.com/advertise-with-us
650,http://www.thesandb.com/sections/arts
528,https://www.forbes.com/advisor/credit-cards/best/rewards/
571,https://www.facebook.com/dialog/feed?app_id=123694841080850&link=https%3A%2F%2Fwww.forbes.com%2Fsites%2Fryancraig%2F2019%2F09%2F20%2Fcollege-graduates-are-between-two-ferns%2F&picture=https%3A%2F%2Fthumbor.forbes.com%2Fthumbor%2Ffit-in%2F440x0%2Ffilters%253Aformat%2528jpg%2529%2Fhttps%253A%252F%252Fspecials-images.forbesimg.com%252Fimageserve%252F1175173944%252F0x0.jpg&name=College%20Graduates%20Are%20%E2%80%9CBetween%20Two%20Ferns%E2%80%9D&caption=www.forbes.com&description=Zach%20Galifianakis%E2%80%99%20Between%20Two%20Ferns%20ran%20sporadically%20on%20Funny%20or%20Die%20for%20nearly%20a%20decade%20and%20showcased%20celebrity%20interviews%20on%20a%20set%20that%20looked%20like%20a%20public%20access%20production%3A%20black%20backdrop%2C%20two%20chairs%2C%20a%20table%2C%20and%20a%20potted%20fern%20on%20either%20side.
689,http://l.facebook.com/l.php?u=http%3A%2F%2Fwww.grinnell.edu%2F&h=AT3JLdu21TI3LwI9xx8S1GdCAIIAyYlPvFSzaEB5HvFp_PG6Hg1l81RmB7MS36QLD5HBdsGf_oYDFrHTn3XD4ZJgX2Q34J30oOMyzUk7AQtUrQz6Gpd_kM9ihRfn6KTU1c6RUSE7VKYidRrC
613,https://www.linkedin.com/shareArticle?mini=true&url=https%3A%2F%2Fwww.forbes.com%2Fsites%2Fkurtbadenhausen%2F2019%2F09%2F18%2Famericas-best-business-schools-2019-chicago-booth-ranks-on-top%2F&title=America%E2%80%99s%20Best%20Business%20Schools%202019%3A%20Chicago%20Booth%20Ranks%20On%20Top&summary=Chicago%20Booth%20grads%20often%20land%20in%20high-paying%20careers%20in%20finance%20and%20consulting%20after%20getting%20their%20M.B.A.s%2C%20pushing%20their%20returns%20on%20investment%20to%20the%20top%20of%20U.S.%20business%20schools.
310,https://www.wikidata.org/wiki/Special:EntityPage/Q442240
567,https://www.facebook.com/dialog/feed?app_id=123694841080850&link=https%3A%2F%2Fwww.forbes.com%2Fsites%2Fschifrin%2F2017%2F08%2F02%2F2017-college-financial-grades-how-fit-is-your-school%2F&picture=https%3A%2F%2Fthumbor.forbes.com%2Fthumbor%2Ffit-in%2F440x0%2Ffilters%253Aformat%2528jpg%2529%2Fhttps%253A%252F%252Fspecials-images.forbesimg.com%252Fimageserve%252F87448711%252F0x0.jpg%253Ffit%253Dscale&name=2017%20College%20Financial%20Grades%3A%20How%20Fit%20Is%20Your%20School%3F&caption=www.forbes.com&description=Financial%20Fitness%20Test%3A%20Is%20your%20college%20or%20university%20an%20A%20plus%20or%20D%20student%3F
222,https://bluehost.com/wordpress
693,https://www.facebook.com/grinnellcollegealumni/?ref=py_c
668,http://www.thesandb.com/article/noa-goldman-22-either-will-do.html
589,https://www.linkedin.com/shareArticle?mini=true&url=https%3A%2F%2Fwww.forbes.com%2Fsites%2Fzackfriedman%2F2019%2F09%2F19%2Fnew-mexico-announces-free-college%2F&title=New%20Mexico%20Announces%20Free%20College&summary=New%20Mexico%20announces%20historic%20%22free%20college%22%20program.
681,http://www.thesandb.com/page/2
694,https://www.facebook.com/GrinnellCollegeAthletics/?ref=py_c
593,https://www.linkedin.com/shareArticle?mini=true&url=https%3A%2F%2Fwww.forbes.com%2Fsites%2Fnickmorrison%2F2019%2F09%2F19%2Fone-in-three-parents-would-take-their-kids-out-of-flagship-schools%2F&title=One%20In%20Three%20Parents%20Would%20Take%20Their%20Kids%20Out%20Of%20Flagship%20Schools&summary=Although%20much-loved%20by%20government%2C%20controversial%20schools%20have%20failed%20to%20win%20the%20hearts%20and%20minds%20of%20parents%2C%20with%20many%20worried%20that%20they%20put%20profits%20before%20children%E2%80%99s%20best%20interests.
578,https://www.forbes.com/sites/ellevate/2019/09/19/these-two-essential-books-will-skyrocket-your-career-success/
590,https://www.forbes.com/sites/nickmorrison/2019/09/19/one-in-three-parents-would-take-their-kids-out-of-flagship-schools/
250,https://golf.grinnell.edu/product-category/merchandise/
505,https://www.forbes.com/entrepreneurs
323,"https://id.wikipedia.org/wiki/Charles_du_Fresne,_sieur_du_Cange"
667,http://www.thesandb.com/article/zipcar-arrives-in-grinnell-community.html
720,https://www.facebook.com/IowaPublicRadio/
664,http://www.thesandb.com/author/community
488,https://www.forbes.com/retirement/
697,https://www.facebook.com/GrinnellSwimDive/?ref=py_c
737,https://l.facebook.com/l.php?u=https%3A%2F%2Ffal.cn%2F342Xd&h=AT2I6bG7fZZ2iFONNIC6OcyjPUEIhwmsAjbc1Vg-7oUsxCVHwDFyX7Ro10bCuLJrx125ARWBT5ZWohulSNDYu8GHl5U1Cc-ySQqDiuM4BOFp4Q9U1A887HxAJRcN8Gel6CJOPoqdHpmvSXvCNX7-3mr5-Yh3Fl89V-A
739,https://l.facebook.com/l.php?u=https%3A%2F%2Ffal.cn%2F342Xd&h=AT0mnGvoHxfrJaFlJgz4JCoIKp3zE49gXA9H-FMRENf9dbSk9ixPiA_TqqKWw1U6Fi-TOM__WUdnkSGnU5gx6Ffp9bwyUUa7YbjgymZEr8dqht2598FjNu1mQgZ2e2l9KUKXq5aIlR-xohbZwxHeCz0RBoTF3buiy71vD5zO9g
195,https://www.usaultimate.org/news/default.aspx?CategoryId=19
422,https://www.timeshighereducation.com/unijobs/employers/
521,https://www.forbes.com/sites/tmobile
399,https://rawnarch.com/williams_college_62_center?t=12
663,http://www.thesandb.com/article/sam-cox-saints-rest-owner-opens-lucky-cat-coffee.html
451,https://www.forbes.com/consumer-tech/
623,https://www.facebook.com/dialog/feed?app_id=123694841080850&link=https%3A%2F%2Fwww.forbes.com%2Fsites%2Fmattsymonds%2F2019%2F09%2F18%2Ffeeder-colleges-and-companies-to-stanford-gsb-deep-dive-analysis-of-the-mba-class-of-2020%2F&picture=https%3A%2F%2Fthumbor.forbes.com%2Fthumbor%2Ffit-in%2F440x0%2Ffilters%253Aformat%2528jpg%2529%2Fhttps%253A%252F%252Fspecials-images.forbesimg.com%252Fdam%252Fimageserve%252F1098129142%252F0x0.jpg%253Ffit%253Dscale&name=Feeder%20Colleges%20And%20Companies%20To%20Stanford%20GSB%3A%20Deep%20Dive%20Analysis%20Of%20The%20MBA%20Class%20Of%202020&caption=www.forbes.com&description=Before%20you%20conclude%20that%20an%20Ivy%20league%20degree%20and%20prestige%20company%20are%20your%20golden%20ticket%20to%20Stanford%20GSB%2C%20you%E2%80%99ll%20want%20to%20take%20a%20closer%20look.
493,https://www.forbes.com/energy/
719,https://www.facebook.com/AlExitoIowa/
750,https://www.grinnell.edu/families
586,https://www.forbes.com/sites/zackfriedman/2019/09/19/new-mexico-announces-free-college/
651,http://www.thesandb.com/sections/arts/galleries
715,https://www.facebook.com/Grinnell-College-Peace-and-Conflict-Studies-Program-141987199224672/
661,http://www.thesandb.com/article/grinnell-professors-discuss-biodiversity-environmental-threats-to-iowa.html
538,https://www.forbes.com/sites/dailydozen/
624,https://twitter.com/intent/tweet?url=https%3A%2F%2Fwww.forbes.com%2Fsites%2Fmattsymonds%2F2019%2F09%2F18%2Ffeeder-colleges-and-companies-to-stanford-gsb-deep-dive-analysis-of-the-mba-class-of-2020%2F&via=forbes&text=Feeder%20Colleges%20And%20Companies%20To%20Stanford%20GSB%3A%20Deep%20Dive%20Analysis%20Of%20The%20MBA%20Class%20Of%202020
738,https://l.facebook.com/l.php?u=https%3A%2F%2Ffal.cn%2F342Xd&h=AT3ZKlk0LnhUGkkL81pLVeL8qYMY01kw43ZGBq3R1hqNTY_YCpqMpsk0HrenDvKvri1zz0RZA0Zhc2Vn895VPR8fGs4bbyH0-LSCLi1oeIhjVIFMlD-puxuQDavKxct_Ct01OFyC_NV3TbcOeCA_WP_qZZEe2LTsNjY
608,https://twitter.com/intent/tweet?url=https%3A%2F%2Fwww.forbes.com%2Fsites%2Frodberger%2F2019%2F09%2F18%2Fa-focus-on-early-stem-education-for-future-career-growth%2F&via=forbes&text=A%20Focus%20On%20Early%20STEM%20Education%20For%20Future%20Career%20Growth
318,"https://de.wikipedia.org/wiki/Charles_du_Fresne,_sieur_du_Cange"
86,https://mail.google.com/mail/?tab=pm
518,https://www.forbes.com/watches/
748,http://catalog.grinnell.edu/
476,https://www.forbes.com/under30/
583,https://www.facebook.com/dialog/feed?app_id=123694841080850&link=https%3A%2F%2Fwww.forbes.com%2Fsites%2Ftaliamilgromelcott%2F2019%2F09%2F19%2Ffoundational-math-launch%2F&picture=https%3A%2F%2Fthumbor.forbes.com%2Fthumbor%2Ffit-in%2F440x0%2Ffilters%253Aformat%2528jpg%2529%2Fhttps%253A%252F%252Fblogs-images.forbes.com%252Ftaliamilgromelcott%252Ffiles%252F2019%252F09%252FTeachingWorks_MVI_8114.MP4_.00_01_13_03.Still003-1200x675.jpg&name=Can%20Math%20Be%20Joyful%3F&caption=www.forbes.com&description=When%20we%20do%20math%20right%2C%20it's%20an%20engine%20of%20opportunity%20and%20a%20predictor%20of%20success%20in%20school%20and%20career.%20But%20so%20often%20math%20lack%20joy%20and%20authenticity.%20A%20new%20report%20commissioned%20by%20100Kin10%20and%20overseen%20by%20dozens%20of%20experts%20lays%20out%20a%20new%20path%20forward.
457,https://www.forbes.com/healthcare/
666,http://www.thesandb.com/article/31202.html
729,https://www.facebook.com/places/Things-to-do-in-Grinnell-Iowa/107765065912349/
723,https://www.facebook.com/Rosenfield-Program-Grinnell-College-121613464525637/
88,https://www.google.com/intl/en/about/products?tab=ph
535,https://www.forbes.com/30-under-30-nominations/
722,https://www.facebook.com/grinwellness/
409,https://rawnarch.com/tufts_university?t=14
562,https://www.forbes.com/sites/schifrin/2017/08/02/2017-grateful-grads-index-top-200-best-loved-colleges/
671,http://www.thesandb.com/opinion/the-scarlet-black-horoscope-the-signs-as-presidential-candidates.html
724,https://www.facebook.com/GrinnellEnglish/
728,https://www.facebook.com/places/
552,https://www.forbes.com/sites/ishares/2019/09/03/invest-with-a-purpose-help-build-a-better-future-with-sustainable-etfs/
792,https://www.grinnell.edu/after-grinnell/graduate-outcomes-all-majors
553,https://newsletters.editorial.forbes.com/?utm_source=forbes&utm_medium=featured&utm_campaign=navigation
653,http://www.thesandb.com/sections/arts/writersgrinnell
394,https://rawnarch.com/phillips_academy?t=12
775,http://www.grinnell.edu/admission
814,https://alumni.grinnell.edu/community/class-pages/1960
721,https://www.facebook.com/gcpublicevents/
371,https://rawnarch.com/node/255?t=10
741,https://www.facebook.com/grinnellcollege/?hc_ref=ARRAwgobR05IOIJHG9AL5GhP74yJ_eUacvhCHC4pMeYL1ftG_ESCGYUTZlNRxE0JKB0&fref=nf
655,http://www.thesandb.com/sections/community
781,https://www.grinnell.edu/academics/global
808,https://alumni.grinnell.edu/community/class-pages/1954
762,https://alumni.grinnell.edu/alumni-directory
635,http://www.thesandb.com/send-a-letter-to-the-editor
526,https://www.forbes.com/advisor/credit-cards/best/business/
618,https://www.forbes.com/sites/kurtbadenhausen/2019/09/18/the-best-business-schools-2019-behind-the-numbers/
791,https://www.grinnell.edu/after-grinnell/experiential-learning
530,https://www.forbes.com/advisor/credit-cards/best/cash-back/
672,http://www.thesandb.com/article/college-wind-turbine-loses-blade-to-lightning-strike.html
616,https://twitter.com/intent/tweet?url=https%3A%2F%2Fwww.forbes.com%2Fsites%2Fchristinasettimi%2F2019%2F09%2F18%2Fimd-and-london-business-school-top-ranking-of-the-best-international-mba-programs%2F&via=forbes&text=IMD%20And%20London%20Business%20School%20Top%20Ranking%20Of%20The%20Best%20International%20MBA%20Programs
670,http://www.thesandb.com/opinion/talking-about-talking-on-being-a-climate-change-burnout.html
678,http://www.thesandb.com/article/press-offers-student-publishing-platform.html
477,https://www.forbes.com/sites/workday/
423,https://the-live.co.uk/2019/en/page/landing-page
649,http://www.thesandb.com/sections/staff-ed
771,http://www.grinnell.edu/about/at-a-glance
584,https://twitter.com/intent/tweet?url=https%3A%2F%2Fwww.forbes.com%2Fsites%2Ftaliamilgromelcott%2F2019%2F09%2F19%2Ffoundational-math-launch%2F&via=forbes&text=Can%20Math%20Be%20Joyful%3F
479,https://www.forbes.com/banking-insurance/
736,https://www.facebook.com/grinnellcollege/?hc_ref=ARSIf-Ho4hL2jZHltu8BaR8JMdYvB0mJtPyCn5Mo0qFO_U8WVEYUogcwbQ_0RmBpHwg&fref=nf
732,https://www.facebook.com/ad_campaign/landing.php?placement=pf_rhc&campaign_id=242449722530626&extra_1=auto
657,http://www.thesandb.com/article/remembering-jackie-brown.html
