https://en.wikipedia.org/wiki/Grinnell_College,0
https://en.wiktionary.org/wiki/quintile,2
https://books.google.com/books?id=7yhCAAAAIAAJ&pg=PA86,13
https://www.grinnell.edu/,4
https://www.grinnell.edu/news/grinnell-college-buys-downtown-properties-plans-demolition-vacant-building,11
https://www.grinnell.edu/academics/majors-concentrations/physics-astronomy/3-2-engineering,7
http://comm.sites.grinnell.edu/timeline/,21
http://www.usaultimate.org/news/2011-d-iii-college-championships--sunday-open-recap/,33
http://collegesearch.collegeboard.com/search/CollegeDetail.jsp?collegeId=442&profileId=2,30
http://www.fakepapr.com,40
https://www.grinnell.edu/after-grinnell/cls/students/fellowships-awards/national-recipients,9
http://golf.grinnell.edu/,12
https://www.grinnell.edu/campus-life/conversations/unionization,46
https://en.wikipedia.org/w/index.php?title=Template:Colleges_and_universities_in_Iowa&action=edit,55
https://en.wikipedia.org/w/index.php?title=Template:Midwest_Conference_navbox&action=edit,56
http://www.cs.grinnell.edu/~rebelsky/about-eoc.html#merit,26
"https://en.wikipedia.org/wiki/Charles_du_Fresne,_sieur_du_Cange#Works",64
http://www.grinnell.edu/academic/,27
https://fi.wiktionary.org/wiki/kvintiili,62
http://www.rawnarch.com/grinnell,17
https://www.timeshighereducation.com/rankings/united-states/2019#!/page/0/length/50/sort_by/rank/sort_order/asc/cols/stats,23
https://www.forbes.com/colleges/grinnell-college/,25
https://www.grinnell.edu/grinnellprize,14
http://thesandb.com,3
https://www.facebook.com/grinnellcollege,133
https://alumni.grinnell.edu/news-awards,119
https://en.wikipedia.org/wiki/Quincea%C3%B1era,268
http://www.u-s-history.com/pages/h1610.html,49
http://www.grinnell.edu/commencement,42
https://golf.grinnell.edu/product-category/season-passes-fees/,254
https://golf.grinnell.edu/my-account/,259
https://en.wikipedia.org/w/index.php?title=Template:Oberlin_Group&action=edit,60
https://books.google.com/books?id=7yhCAAAAIAAJ&source=gbs_navlinks_s,108
http://www.amazon.com/exec/obidos/external-search/?field-keywords=Men+Events+Forty+Years&index=books,103
https://wikimediafoundation.org/,77
http://www.grinnell.edu/about/policies/nondiscrimination,172
http://play.usaultimate.org/teams/events/team_rankings/?RankSet=College-Women,188
https://www.forbes.com/china-billionaires/,432
"https://en.wikipedia.org/w/index.php?title=Charles_du_Fresne,_sieur_du_Cange&oldid=907668171",309
https://rawnarch.com/winsor_school?t=12,402
http://www.thesandb.com/article/phase-i-of-campus-construction-costs-140-million-prompts-short-term-endowment-splurge.html,20
https://comm.sites.grinnell.edu/projects/hssc/process/,150
https://engineering.dartmouth.edu/academics/undergraduate/dual/,8
https://rawnarch.com/swarthmore_college?t=9,355
https://www.instagram.com/p/B2ETps4D5Eq/,126
https://www.forbes.com/sites/amazonwebservices,448
http://www.mcgough.com/,164
https://rawnarch.com/berklee?t=12,391
https://www.usaultimate.org/news/default.aspx?CategoryId=5,194
https://en.wikipedia.org/w/index.php?title=Template:Associated_Colleges_of_the_Midwest&action=edit,58
https://www.grinnell.edu/after-grinnell/cls/students/grants-funding,6
https://www.grinnell.edu/user/tjossem,139
https://www.youvisit.com/tour/grinnell?pl=v,122
https://golf.grinnell.edu/accolades/,240
https://www.forbes.com/worlds-billionaires/,428
https://www.forbes.com/sites/usbank,490
https://books.google.com/books?id=7yhCAAAAIAAJ&sitesec=buy&source=gbs_buy_r,105
http://www.addthis.com/bookmark.php?v=250&pubid=xa-51053314288a3798,416
https://books.google.com/books?id=7yhCAAAAIAAJ&sitesec=reviews,107
https://golf.grinnell.edu/season-passes/,243
http://www.grinnell.edu/about/policies/copyright,171
http://www.ncaasports.com/basketball/mens/story/8141645,34
https://foundation.wikimedia.org/wiki/Privacy_policy,74
https://en.wikipedia.org/wiki/Template:Midwest_Conference_navbox,282
https://en.wikipedia.org/w/index.php?title=Template:Annapolis_Group&action=edit,57
https://en.wikipedia.org/w/index.php?title=Special:CreateAccount&campaign=anoneditwarning&returnto=Template:Colleges_and_universities_in_Iowa,272
http://www.grinnell.edu/about/offices-services/communications/magazine,53
https://www.facebook.com/grinnellcollegegolfcourse,226
https://golf.grinnell.edu/rates/,242
https://www.mediawiki.org/wiki/Special:MyLanguage/How_to_contribute,75
https://golf.grinnell.edu/cart/,229
http://play.usaultimate.org/members/login/,181
http://catalog.grinnell.edu,112
https://comm.sites.grinnell.edu/projects/asfs/committee/,155
https://play.usaultimate.org/events/events/2019-USA-Ultimate-National-Team-Coaching-Symposium/eventdetails/,216
http://www.segrinnell.org/about/history/,41
http://play.usaultimate.org/events/league/,198
https://www.wikidata.org/wiki/Q442240,296
https://en.wikipedia.org/w/index.php?title=Special:UserLogin&returnto=Template:Colleges_and_universities_in_Iowa,271
http://www.grinnell.edu/about/offices-services/residence-life/residence-halls,18
http://www.grinnell.edu/,52
https://www.google.com/search?tab=pw,80
http://ducange.enc.sorbonne.fr/QUINTILE,63
https://el.wiktionary.org/wiki/quintile,68
https://www.mediawiki.org/,78
https://www.desmoinesregister.com/story/news/2018/10/22/ranking-iowa-college-university-grinnell-drake-luther-central-northwestern-tuition-student-loan-debt/1725994002/,29
https://fr.wiktionary.org/wiki/quintile,69
https://drive.google.com/?tab=po,87
https://www.nytimes.com/2018/11/19/well/family/when-a-college-student-comes-home-to-stay.html,28
http://bleacherreport.com/articles/1856112-grinnell-super-scorer-jack-taylor-opens-up-about-stats-style-of-play?hpt=hp_t3,37
http://books.google.com/support/topic/4359341?hl=en,95
https://www.desmoinesregister.com/story/news/education/2017/09/25/these-iowa-students-want-their-college-most-unionized-campus-country/692777001/,45
https://play.google.com/?hl=en&tab=p8,83
https://sports.yahoo.com/ncaa/basketball/blog/the_dagger/post/Grinnell-College-star-shatters-Division-III-reco?urn=ncaab-wp6348,35
http://msn.foxsports.com/collegebasketball/story/D3-Grinnell-player-scores-138-points-in-a-game-to-smash-NCAA-record-112012/?ocid=ansfox11,36
https://www.nytimes.com/interactive/projects/college-mobility/grinnell-college,32
http://net.ondemandbooks.com/google/7yhCAAAAIAAJ,102
http://www.kiplinger.com/tool/college/T014-S001-kiplinger-s-best-values-in-private-colleges/index.php?table=lib_arts,24
https://www.google.com/accounts/Login?service=print&continue=https://books.google.com/books%3Fop%3Dlookup%26id%3D7yhCAAAAIAAJ%26continue%3Dhttps://books.google.com/books%253Fid%253D7yhCAAAAIAAJ%2526pg%253DPA86%2526hl%253Den&hl=en,91
https://maps.google.com/maps?hl=en&tab=pl,82
http://www.thesandb.com/article/ugsdw-negotiates-2-7-percent-pay-raise.html,44
http://espn.go.com/mens-college-basketball/story/_/id/9993353/grinnell-jack-taylor-scores-109-points-24-3-pointers,38
https://www.instagram.com/p/B1y-EfXHtKE/,127
https://vi.wiktionary.org/wiki/quintile,72
https://www.google.com/accounts/Login?service=print&continue=https://books.google.com/books%3Fid%3D7yhCAAAAIAAJ%26pg%3DPA86%26hl%3Den&hl=en,89
https://www.forbes.com/top-colleges/list/,22
https://www.npr.org/sections/thetwo-way/2016/08/23/491090762/nlrb-rules-graduate-students-are-employees-with-the-right-to-unionize,48
https://books.google.com/books?id=7yhCAAAAIAAJ&pg=PA87&focus=viewport,110
http://omeka1.grinnell.edu/PhysicsInstrumentMuseum,138
https://admission.grinnell.edu/register/requestinformation,129
https://www.google.com/accounts/Login?service=print&continue=https://books.google.com/books%3Fop%3Dlibrary&hl=en,94
http://web.grinnell.edu/groups/invest/,39
https://books.google.com/books?id=7yhCAAAAIAAJ&printsec=frontcover,106
https://www.princetonreview.com/college/grinnell-college-1023453,5
http://www.grinnell.edu/admission/apply/international/finaid/,31
https://en.wikipedia.org/w/index.php?title=Template:CLAC&action=edit,59
https://en.wiktionary.org/w/index.php?title=quintile&oldid=53431701,65
https://comm.sites.grinnell.edu,146
https://zh.wiktionary.org/wiki/quintile,73
https://www.instagram.com/p/B2PQBpcjMoR/,125
https://books.google.com/books?id=7yhCAAAAIAAJ&pg=PA85&focus=viewport,109
https://books.google.com/books/download/Men_and_Events_of_Forty_Years.epub?id=7yhCAAAAIAAJ&output=epub,97
https://books.google.com/url?id=7yhCAAAAIAAJ&pg=PA86&q=http://worldcat.org/oclc/1031867569&clientid=librarylink&usg=AFQjCNEIa7wBK3tX41gYVJb9v9Kige25KQ&source=gbs_buy_r,104
https://www.princetonreview.com/college-rankings?rankings=best-athletic-facilities,10
https://grinnell.joinhandshake.com/login,114
https://comm.sites.grinnell.edu/projects/hssc/reports-documents/,152
https://comm.sites.grinnell.edu/projects/clew/overview/,158
https://comm.sites.grinnell.edu/projects/asfs/,153
https://www.youtube.com/grinnellcollege,135
https://news.google.com/nwshp?hl=en&tab=pn,85
https://comm.sites.grinnell.edu/projects/clew/,157
https://books.google.com/books?pg=PA86&id=7yhCAAAAIAAJ&output=text,99
https://comm.sites.grinnell.edu/projects/asfs/reports-documents/,156
https://www.google.com/search?hl=en&tbm=isch&source=og&tab=pi,81
http://www.grinnell.edu/sexualrespect,174
https://io.wiktionary.org/wiki/quintile,70
https://www.npr.org/2018/12/11/675543037/iowa-college-becomes-battleground-for-student-worker-unionization,47
https://bookstore.grinnell.edu,131
http://play.usaultimate.org/teams/events/rankings/,186
https://admission.grinnell.edu/portal/campus-visit,130
https://comm.sites.grinnell.edu/watch-the-transformation/,163
https://books.google.com/books?id=7yhCAAAAIAAJ&printsec=frontcover&source=gbs_vpt_read,92
https://comm.sites.grinnell.edu/projects/asfs/overview/,154
https://comm.sites.grinnell.edu/timeline/,162
http://www.grinnell.edu/about/visit/maps,167
https://comm.sites.grinnell.edu/projects/hssc/committee/,151
https://foundation.wikimedia.org/wiki/Cookie_statement,76
https://www.youtube.com/usaultimate,180
http://engineering.wustl.edu/DualDegreeProgram.aspx,141
http://play.usaultimate.org/teams/events/team_rankings/?RankSet=Club-Women,191
https://www.usaultimate.org/pulltogether/,182
https://www.youtube.com/results?gl=US&tab=p1,84
http://www.grinnell.edu/forms/contact-grinnell-college,166
https://wordpress.org/,175
http://www.instagram.com/grinnellcollege,128
https://comm.sites.grinnell.edu/updates/,161
https://et.wiktionary.org/wiki/quintile,67
http://dogbert.abebooks.com/servlet/SearchResults?tn=Men+Events+Forty+Years,101
http://play.usaultimate.org/teams/events/team_rankings/?RankSet=Club-Men,189
https://comm.sites.grinnell.edu/,145
https://alumni.grinnell.edu/giving-to-grinnell,117
https://www.grinnell.edu/calendars/frontpage-hotevents?trumbaEmbed=view%3devent%26eventid%3d365930606,123
https://plus.google.com/105942200419812987557,227
https://play.google.com/store/books/details?id=7yhCAAAAIAAJ&rdid=book-7yhCAAAAIAAJ&rdot=1,100
http://labornotes.org/2018/11/iowa-pioneering-undergrad-workers-union-keeps-growing,43
http://play.usaultimate.org/teams/events/team_rankings/?RankSet=Club-Mixed,190
https://www.usaultimate.org/tdcp/,210
https://play.usaultimate.org/events/TCT-Select-Flight-Invite-West-2019/,204
http://www.youtube.com/user/usaultimate,192
https://golf.grinnell.edu/shane-hart-gm/,234
http://www.studentaffairs.columbia.edu/admissions/engineering/combined,140
https://golf.grinnell.edu/pro-shop-attendants/,236
https://play.google.com/store/apps/details?id=org.usaultimate.usaultimate&hl=en,185
https://golf.grinnell.edu/,230
https://en.wiktionary.org/wiki/Help:Contents,66
http://www.grinnell.edu,1
https://golf.grinnell.edu/eventspace/,239
https://play.usaultimate.org/events/2019-USA-Ultimate-Beach-Championships/,199
http://just5100.temp.domains/~fakepapr/wp-login.php,221
https://commons.wikimedia.org/wiki/Grinnell_College,50
http://play.usaultimate.org/,217
https://comm.sites.grinnell.edu/projects/clew/reports-documents/,160
https://golf.grinnell.edu/alex-olsen-superintendent/,235
https://golf.grinnell.edu/history/,232
https://www.usaultimate.org/news/default.aspx?CategoryId=18,193
http://play.usaultimate.org/events/tournament/?ViewAll=false&IsLeagueType=false&IsClinic=true&FilterByCategory=AE&ClinicTypeId=1,215
https://www.usaultimate.org/membership/default.aspx#Registration_Forms,211
https://alumni.grinnell.edu/volunteering,118
https://itunes.apple.com/us/app/usa-ultimate/id1032772331?mt=8,184
http://chronicle.com/weekly/v52/i31/31a01501.htm,19
https://www.mediawiki.org/wiki/Extension:TemplateSandbox,274
https://play.usaultimate.org/events/TCT-Select-Flight-Invite-East-2019/,203
https://play.usaultimate.org/events/TCT-Pro-Elite-Challenge-2019/,202
https://golf.grinnell.edu/4630-2/,265
https://grinnell.teesnap.net,247
https://play.usaultimate.org/events/TCT-Elite-Select-Challenge-2019/,201
https://golf.grinnell.edu/certified-lifeguards/,238
https://en.wikisource.org/wiki/The_New_International_Encyclop%C3%A6dia/Iowa_College,54
http://www.grinnell.edu/privacy-statement,170
https://plus.google.com/u/0/106652851630933181480/posts,179
https://golf.grinnell.edu/golf-course/,241
https://github.com/rebelsky/web-site/issues,285
https://golf.grinnell.edu/staff/,233
https://books.google.com/books?id=7yhCAAAAIAAJ&pg=PA86&hl=en&output=html_text,90
https://golf.grinnell.edu/product-category/season-passes-fees/fees-associated-with-membership/,256
https://fi.wiktionary.org/wiki/quintile,71
https://www.usaultimate.org/youth/default.aspx#season_hs,200
https://golf.grinnell.edu/masters-pool-2018/,260
"https://en.wikisource.org/wiki/1911_Encyclop%C3%A6dia_Britannica/Du_Cange,_Charles_du_Fresne",295
http://www.biografischportaal.nl/en/persoon/02115655,300
https://golf.grinnell.edu/checkout/,258
http://gum.usaultimate.org,209
https://books.google.com/books?id=_c4GAAAAQAAJ&pg=PA1#v=onepage&q&f=false,293
https://foundation.wikimedia.org/wiki/Terms_of_Use,273
https://www.twitter.com/grinnellcollege,134
"https://commons.wikimedia.org/wiki/Category:Charles_du_Fresne,_sieur_du_Cange",311
https://www.usaultimate.org/about/contact_us/other.aspx#observers,214
https://comm.sites.grinnell.edu/projects/,147
https://catalogue.bnf.fr/ark:/12148/cb12410963q,298
https://books.google.com/books?id=-ZNEAAAAcAAJ,290
https://play.google.com/books/reader?id=7yhCAAAAIAAJ&printsec=frontcover&source=gbs_vpt_read,93
https://books.google.com/advanced_book_search,96
https://golf.grinnell.edu/contact-us/,267
http://play.usaultimate.org/events/tournament/,197
https://golf.grinnell.edu/golf-course-news/,266
https://golf.grinnell.edu/outings/,245
https://www.facebook.com/pages/USA-Ultimate/119701558067872,177
"https://ast.wikipedia.org/wiki/Charles_du_Fresne,_se%C3%B1or_Du_Cange",314
https://golf.grinnell.edu/product-category/merchandise/bags-balls-clubs-and-accessories/,253
http://www.cs.grinnell.edu/~rebelsky/about-eoc.html,286
"https://pl.wikipedia.org/wiki/Charles_du_Fresne,_sieur_du_Cange",328
https://donate.wikimedia.org/wiki/Special:FundraiserRedirector?utm_source=donate&utm_medium=sidebar&utm_campaign=C13_en.wikipedia.org&uselang=en,277
https://en.wikipedia.org/wiki/Template:Colleges_and_universities_in_Iowa,276
https://golf.grinnell.edu/about-us/,231
https://en.wikisource.org/wiki/Catholic_Encyclopedia_(1913)/Charles_Dufresne_Du_Cange,294
https://www.usaultimate.org/rules/,212
"https://hu.wikipedia.org/wiki/Charles_du_Fresne,_sieur_du_Cange",327
https://www.usaultimate.org/equity/,183
https://www.grinnell.edu/node/4759,165
https://lmo.wikipedia.org/wiki/Du_Cange,326
https://bg.wikipedia.org/wiki/%D0%A8%D0%B0%D1%80%D0%BB_%D0%B4%D1%8E_%D0%9A%D0%B0%D0%BD%D0%B6,315
https://fr.wikipedia.org/wiki/Charles_du_Fresne,322
"https://en.wikipedia.org/w/index.php?title=Charles_du_Fresne,_sieur_du_Cange&action=edit",289
https://commons.wikimedia.org/wiki/Special:Search/Category:Grinnell_College,51
https://golf.grinnell.edu/leagues/,261
http://anemi.lib.uoc.gr/metadata/f/4/b/metadata-01-0000493.tkl,292
http://www.grinnell.edu/consumer-information,173
https://golf.grinnell.edu/tournament-schedule/,264
https://rawnarch.com/grinnell?t=9,349
https://www.grinnell.edu/calendars/frontpage-hotevents?trumbaEmbed=view%3devent%26eventid%3d365930607,124
https://www.usaultimate.org/competition/college_division/division_iii_college_championships/default.aspx,218
https://golf.grinnell.edu/grounds/,237
"https://sq.wikipedia.org/wiki/Charles_du_Fresne,_sieur_du_Cange",332
https://rawnarch.com/keene_state?t=10,364
https://rawnarch.com/node/257?t=9,354
https://my.bluehost.com/,223
https://play.usaultimate.org/events/TCT-Pro-Championships-2019/,205
https://fi.wiktionary.org/w/index.php?title=kvintiili&oldid=3163874,338
https://rebelsky.youcanbook.me,284
https://el.wikipedia.org/wiki/%CE%94%CE%BF%CF%85%CE%BA%CE%AC%CE%B3%CE%B3%CE%B9%CE%BF%CF%82,319
https://comm.sites.grinnell.edu/projects/hssc/overview/,149
https://www.usaultimate.org/news/default.aspx?CategoryId=7,196
http://play.usaultimate.org/teams/events/team_rankings/?RankSet=College-Men,187
https://alumni.grinnell.edu,115
https://www.wikidata.org/wiki/Special:EntityPage/Q442240#sitelinks-wikipedia,335
https://comm.sites.grinnell.edu/projects/clew/commitee/,159
https://rawnarch.com/northwestern-lincoln-street?t=9,358
https://en.wikisource.org/wiki/Author:Charles_du_Fresne,312
https://rawnarch.com/firm-profile-overview,342
https://rawnarch.com/mit?t=9,350
https://rawnarch.com/suny_alfred?t=10,368
"https://ro.wikipedia.org/wiki/Charles_du_Fresne,_sieur_du_Cange",330
https://en.wikipedia.org/w/index.php?title=Special:CreateAccount&campaign=anoneditwarning&returnto=Template:Midwest_Conference_navbox,280
https://golf.grinnell.edu/product-category/merchandise/mens-apparel/,251
https://play.usaultimate.org/events/2019-USA-Ultimate-Masters-Championships/,206
https://www.usaultimate.org/resources/officiating/rules/11th_edition_rules.aspx,213
https://golf.grinnell.edu/womens-league/,263
https://trove.nla.gov.au/people/1166768,304
https://rawnarch.com/phillips_academy?t=11,382
https://rawnarch.com/milton_pritzker?t=11,383
https://www.wikidata.org/wiki/Special:EntityPage/Q20366248,281
https://golf.grinnell.edu/product-category/gift-cards/,257
https://d-nb.info/gnd/116231882,301
https://rawnarch.com/tufts_university?t=9,357
https://rawnarch.com/sonoma?t=12,395
https://rawnarch.com/umbc_performing_arts?t=11,388
http://validator.w3.org/check?uri=/~rebelsky/about-eoc.html,287
https://en.wikipedia.org/w/index.php?title=Special:UserLogin&returnto=Template:Midwest_Conference_navbox,279
"https://la.wikipedia.org/wiki/Carolus_du_Fresne,_Dominus_du_Cange",325
http://ducange.enc.sorbonne.fr,291
"https://ca.wikipedia.org/wiki/Charles_du_Fresne,_sieur_du_Cange",316
https://rawnarch.com/StanfordHoover?t=11,384
https://rawnarch.com/miami_university?t=10,366
http://www.grinnell.edu/accessibility-statement,169
https://rawnarch.com/bowdoin_recital?t=12,389
https://rawnarch.com/Duke-K4?t=9,360
https://golf.grinnell.edu/pro-shop/,248
https://golf.grinnell.edu/product-category/season-passes-fees/season-passes/,255
https://rawnarch.com/northeastern_gh?t=11,379
https://rawnarch.com/uva_campus_arts_precinct?t=14,410
https://rawnarch.com/northeastern_gh?t=9,352
https://rawnarch.com/northeastern_blackman_campus?t=12,392
https://rawnarch.com/berklee?t=9,346
https://www.forbes.com/indonesia-billionaires/,434
https://www.forbes.com/india-billionaires/,433
https://rawnarch.com/node/305?t=9,361
https://rawnarch.com/stanford_university?t=11,377
http://catalogo.bne.es/uhtbin/authoritybrowse.cgi?action=display&authority_id=XX1590442,297
https://rawnarch.com/node/299?t=10,375
https://rawnarch.com/node/296?t=15,415
https://www.timeshighereducation.com/unijobs/newalert/,421
https://rawnarch.com/node/300?t=15,414
https://play.usaultimate.org/events/2019-US-Open-Club-Championship/,207
https://golf.grinnell.edu/golf-course/5605-2/,244
http://www.admissions.caltech.edu/content/32-program,142
https://www.forbes.com/malaysia-billionaires/,442
https://www.forbes.com/singapore-billionaires/,439
"https://tr.wikipedia.org/wiki/Charles_du_Fresne,_sieur_du_Cange",334
https://www.forbes.com/ai/,446
https://rawnarch.com/node/299?t=11,387
https://data.bnf.fr/ark:/12148/cb12410963q,299
https://www.forbes.com/innovation/,445
https://www.forbes.com/cmo-network/,469
https://rawnarch.com/brandeis_ridgewood?t=9,347
https://golf.grinnell.edu/shop/,249
https://golf.grinnell.edu/product-category/merchandise/womens-apparel/,252
https://wa3.grinnell.edu/WAPRFA/WebAdvisor?type=P&pid=ST-X3WSEI,113
https://www.idref.fr/033221618,305
https://www.getty.edu/vow/ULANFullDisplay?find=&role=&nation=&subjectid=500278116,306
https://www.forbes.com/green-tech/,456
https://www.forbes.com/billionaires/,429
https://www.forbes.com/forbes-400/,430
https://rawnarch.com/sustainability,343
https://www.forbes.com/money/,478
https://aleph.nkp.cz/F/?func=find-c&local_base=aut&ccl_term=ica=mzk2003197690&CON_LNG=ENG,303
https://www.forbes.com/sites/extrahop/,454
https://sv.wikipedia.org/wiki/Charles_Du_Cange,333
https://www.forbes.com/big-data/,447
https://www.forbes.com/aerospace-defense,492
https://www.forbes.com/games/,455
https://www.forbes.com/women-at-forbes/,473
https://rawnarch.com/berklee?t=10,365
https://rawnarch.com/umbc_performing_arts?t=12,396
http://www.designandco.net/,417
https://rawnarch.com/northeastern_abc?t=14,406
https://www.forbes.com/korea-billionaires/list/,435
https://www.forbes.com/education/,472
https://www.forbes.com/venture-capital/,466
https://www.forbes.com/dining/,514
https://www.forbes.com/vices/,520
https://www.forbes.com/,427
https://www.timeshighereducation.com/unijobs,419
https://rawnarch.com/wheaton_college?t=14,411
https://www.forbes.com/japan-billionaires/list/,436
http://jobs.grinnell.edu,132
https://www.forbes.com/sportsmoney,501
https://rawnarch.com/babson_performing_arts_center?t=12,390
https://rawnarch.com/celebration?t=11,380
https://rawnarch.com/connect,344
https://id.loc.gov/authorities/names/n85010480,302
https://www.forbes.com/business/,491
https://rawnarch.com/DukeArts?t=12,400
https://en.wiktionary.org/wiki/kvintiili,339
https://www.forbes.com/hong-kong-billionaires/,441
https://www.forbes.com/markets/,486
https://rawnarch.com/univ_virginia_campus?t=12,397
https://www.forbes.com/sites/japan/,458
https://rawnarch.com/node/262?t=10,376
"https://da.wikipedia.org/wiki/Charles_du_Fresne,_sieur_du_Cange",317
https://rawnarch.com,341
https://www.forbes.com/travel/,519
https://www.forbes.com/small-business-strategy,507
https://www.forbes.com/cybersecurity/,452
https://www.forbes.com/sites/f45training/2019/08/20/are-you-fit-for-a-franchise-see-if-you-match-these-4-owner-personas/,541
https://rawnarch.com/winsor_school?t=10,369
https://www.forbes.com/sites/hubinternational/2019/08/19/benefits-2020-tackling-employee-financial-stress/#5a147bd01525,550
https://www.forbes.com/cars-bikes/,512
https://www.forbes.com/manufacturing,495
https://www.forbes.com/advisor/,523
https://www.forbes.com/sites/googlecloud/,474
https://www.forbes.com/diversity-inclusion/,471
https://rawnarch.com/node/254?t=10,372
https://www.facebook.com/dialog/feed?app_id=123694841080850&link=https%3A%2F%2Fwww.forbes.com%2Fsites%2Fwesleywhistle%2F2019%2F09%2F19%2Fwhat-new-mexico-gets-wrong-about-free-college%2F&picture=https%3A%2F%2Fthumbor.forbes.com%2Fthumbor%2Ffit-in%2F440x0%2Ffilters%253Aformat%2528jpg%2529%2Fhttps%253A%252F%252Fspecials-images.forbesimg.com%252Fimageserve%252F5546a896658447bd8dcfd775708e782d%252F0x0.jpg&name=What%20New%20Mexico%20Gets%20Wrong%20About%20Free%20College&caption=www.forbes.com&description=New%20Mexico%20announces%20a%20free%20college%20program%2C%20but%20it%20misses%20the%20mark.,575
https://www.forbes.com/sites/capitalone/,511
https://preferences-mgr.truste.com/?pid=forbes01&amp;aid=forbes_mobile01,561
https://www.forbes.com/enterprise-tech/,453
https://www.forbes.com/leadership/,467
https://www.forbes.com/sites/danalexander/2019/08/14/heres-the-net-worth-of-every-2020-presidential-candidate/#6abd60b237c5,444
https://twitter.com/intent/tweet?url=https%3A%2F%2Fwww.forbes.com%2Fsites%2Fellevate%2F2019%2F09%2F19%2Fthese-two-essential-books-will-skyrocket-your-career-success%2F&via=forbes&text=These%20Two%20Essential%20Books%20Will%20Skyrocket%20Your%20Career%20Success,580
https://www.forbes.com/philippines-billionaires/,440
https://www.forbes.com/sites/ryancraig/2019/09/20/college-graduates-are-between-two-ferns/,570
https://www.forbes.com/spirits/,517
https://www.forbes.com/franchises,506
https://www.forbes.com/sites/awsmediaandentertainment/2019/09/12/how-to-thrive-in-todays-disrupted-media-markets/,536
https://www.forbes.com/advisor/credit-cards/best/hotel/,532
https://www.forbes.com/arts/,509
https://www.forbes.com/lists/,522
https://www.forbes.com/money-politics,443
https://www.wikidata.org/wiki/Special:EntityPage/Q7643088,275
https://comm.sites.grinnell.edu/projects/hssc/,148
https://rawnarch.com/trinity_college?t=9,356
https://rawnarch.com/stanford_university?t=15,413
https://www.forbes.com/cloud100/,450
https://www.forbes.com/sites/rodberger/2019/09/18/a-focus-on-early-stem-education-for-future-career-growth/,606
https://www.forbes.com/forbeslife/,516
https://www.forbes.com/small-business,504
https://twitter.com/intent/tweet?url=https%3A%2F%2Fwww.forbes.com%2Fsites%2Fwesleywhistle%2F2019%2F09%2F19%2Fwhat-new-mexico-gets-wrong-about-free-college%2F&via=forbes&text=What%20New%20Mexico%20Gets%20Wrong%20About%20Free%20College,576
https://rawnarch.com/UAlbany-SUNY?t=10,373
https://twitter.com/intent/tweet?url=https%3A%2F%2Fwww.forbes.com%2Fsites%2Fryancraig%2F2019%2F09%2F20%2Fcollege-graduates-are-between-two-ferns%2F&via=forbes&text=College%20Graduates%20Are%20%E2%80%9CBetween%20Two%20Ferns%E2%80%9D,572
https://www.facebook.com/dialog/feed?app_id=123694841080850&link=https%3A%2F%2Fwww.forbes.com%2Fsites%2Fzackfriedman%2F2019%2F09%2F19%2Fnew-mexico-announces-free-college%2F&picture=https%3A%2F%2Fthumbor.forbes.com%2Fthumbor%2Ffit-in%2F440x0%2Ffilters%253Aformat%2528jpg%2529%2Fhttps%253A%252F%252Fspecials-images.forbesimg.com%252Fdam%252Fimageserve%252Fa2e6f0c2c3cb4293afe822b9a5fc4f92%252F0x0.jpg%253Ffit%253Dscale&name=New%20Mexico%20Announces%20Free%20College&caption=www.forbes.com&description=New%20Mexico%20announces%20historic%20%22free%20college%22%20program.,587
https://www.forbes.com/fintech/,482
https://www.facebook.com/dialog/feed?app_id=123694841080850&link=https%3A%2F%2Fwww.forbes.com%2Fsites%2Fevangerstmann%2F2019%2F09%2F18%2Fcollege-admissions-scandal-goes-international-as-new-parent-is-arrested%2F&picture=https%3A%2F%2Fthumbor.forbes.com%2Fthumbor%2Ffit-in%2F440x0%2Ffilters%253Aformat%2528jpg%2529%2Fhttps%253A%252F%252Fspecials-images.forbesimg.com%252Fdam%252Fimageserve%252F1126588179%252F0x0.jpg%253Ffit%253Dscale&name=College%20Admissions%20Scandal%20Goes%20International%20As%20Chinese%20Parent%20Is%20Arrested&caption=www.forbes.com&description=The%20college%20admission%20scandal%20has%20gone%20international%20in%20a%20case%20involving%20the%20University%20of%20California%2C%20Los%20Angeles%20(UCLA).%20A%20Chinese%20citizen%20who%20lives%20in%20Canada%20has%20been%20arrested%20in%20Spain%20for%20paying%20the%20alleged%20scheme%20mastermind%20Peter%20Singer%20%24400%2C000.,599
https://www.facebook.com/dialog/feed?app_id=123694841080850&link=https%3A%2F%2Fwww.forbes.com%2Fsites%2Frodberger%2F2019%2F09%2F18%2Fa-focus-on-early-stem-education-for-future-career-growth%2F&picture=https%3A%2F%2Fthumbor.forbes.com%2Fthumbor%2Ffit-in%2F440x0%2Ffilters%253Aformat%2528jpg%2529%2Fhttps%253A%252F%252Fblogs-images.forbes.com%252Frodberger%252Ffiles%252F2019%252F09%252FF8A1963-1200x800.jpg&name=A%20Focus%20On%20Early%20STEM%20Education%20For%20Future%20Career%20Growth&caption=www.forbes.com&description=Today%20in%20the%20U.S.%2C%20only%2018%25%20of%20all%20people%20graduating%20with%20computing%20degrees%20are%20female.%20If%20the%20current%20trends%20persist%2C%20only%20one%20in%20five%20computing%20jobs%20will%20be%20held%20by%20a%20woman%2C%20which%20is%20a%20shame%E2%80%93%E2%80%93that%E2%80%99s%20nearly%20half%20the%20human%20creativity%20and%20ingenuity%20missing%20from%20the%20picture.,607
https://twitter.com/intent/tweet?url=https%3A%2F%2Fwww.forbes.com%2Fsites%2Fevangerstmann%2F2019%2F09%2F18%2Fcollege-admissions-scandal-goes-international-as-new-parent-is-arrested%2F&via=forbes&text=College%20Admissions%20Scandal%20Goes%20International%20As%20Chinese%20Parent%20Is%20Arrested,600
https://rawnarch.com/node/250?t=9,359
https://www.forbes.com/sites/deloitte/,470
https://www.linkedin.com/shareArticle?mini=true&url=https%3A%2F%2Fwww.forbes.com%2Fsites%2Fschifrin%2F2017%2F08%2F02%2F2017-college-financial-grades-how-fit-is-your-school%2F&title=2017%20College%20Financial%20Grades%3A%20How%20Fit%20Is%20Your%20School%3F&summary=Financial%20Fitness%20Test%3A%20Is%20your%20college%20or%20university%20an%20A%20plus%20or%20D%20student%3F,569
https://www.facebook.com/dialog/feed?app_id=123694841080850&link=https%3A%2F%2Fwww.forbes.com%2Fsites%2Fnickmorrison%2F2019%2F09%2F19%2Fone-in-three-parents-would-take-their-kids-out-of-flagship-schools%2F&picture=https%3A%2F%2Fthumbor.forbes.com%2Fthumbor%2Ffit-in%2F440x0%2Ffilters%253Aformat%2528jpg%2529%2Fhttps%253A%252F%252Fspecials-images.forbesimg.com%252Fdam%252Fimageserve%252F583674770%252F0x0.jpg%253Ffit%253Dscale&name=One%20In%20Three%20Parents%20Would%20Take%20Their%20Kids%20Out%20Of%20Flagship%20Schools&caption=www.forbes.com&description=Although%20much-loved%20by%20government%2C%20controversial%20schools%20have%20failed%20to%20win%20the%20hearts%20and%20minds%20of%20parents%2C%20with%20many%20worried%20that%20they%20put%20profits%20before%20children%E2%80%99s%20best%20interests.,591
https://www.forbes.com/sites/sapconcur/2019/09/04/road-warrior-renaissance-how-ai-is-rebooting-business-travel/,556
https://twitter.com/intent/tweet?url=https%3A%2F%2Fwww.forbes.com%2Fsites%2Fschifrin%2F2017%2F08%2F02%2F2017-college-financial-grades-how-fit-is-your-school%2F&via=forbes&text=2017%20College%20Financial%20Grades%3A%20How%20Fit%20Is%20Your%20School%3F,568
https://www.forbes.com/advisor/credit-cards/best/sign-up-bonuses/,527
https://www.linkedin.com/shareArticle?mini=true&url=https%3A%2F%2Fwww.forbes.com%2Fsites%2Fchristopherrim%2F2019%2F09%2F18%2Fhow-to-stop-procrastinating-on-college-essays%2F&title=How%20to%20Stop%20Procrastinating%20On%20College%20Essays&summary=The%20main%20thing%20students%20can%20still%20do%20to%20improve%20their%20chances%20is%20to%20work%20on%20their%20essays%E2%80%94which%20puts%20a%20huge%20amount%20of%20pressure%20on%20every%20word%20they%20write.,605
https://www.forbes.com/careers/,468
https://www.forbes.com/policy,498
https://twitter.com/intent/tweet?url=https%3A%2F%2Fwww.forbes.com%2Fsites%2Fnickmorrison%2F2019%2F09%2F19%2Fone-in-three-parents-would-take-their-kids-out-of-flagship-schools%2F&via=forbes&text=One%20In%20Three%20Parents%20Would%20Take%20Their%20Kids%20Out%20Of%20Flagship%20Schools,592
https://www.linkedin.com/shareArticle?mini=true&url=https%3A%2F%2Fwww.forbes.com%2Fsites%2Fwesleywhistle%2F2019%2F09%2F19%2Fwhat-new-mexico-gets-wrong-about-free-college%2F&title=What%20New%20Mexico%20Gets%20Wrong%20About%20Free%20College&summary=New%20Mexico%20announces%20a%20free%20college%20program%2C%20but%20it%20misses%20the%20mark.,577
http://www.grinnell.edu/policies,168
https://www.forbes.com/terms,627
https://www.forbes.com/boats-planes/,510
https://www.forbes.com/sites/colehaan/,513
https://www.timeshighereducation.com/USmethodology2019,424
"https://it.wikipedia.org/wiki/Charles_du_Fresne,_sieur_du_Cange",324
https://www.forbes.com/sites/forbespr/,630
https://www.forbes.com/daily-cover-stories/,543
https://www.forbes.com/sites/mattsymonds/2019/09/18/feeder-colleges-and-companies-to-stanford-gsb-deep-dive-analysis-of-the-mba-class-of-2020/,622
https://rawnarch.com/PittsburgStateUniversity?t=12,404
https://pt.wikipedia.org/wiki/Du_Cange,329
https://www.forbes.com/media/,497
https://www.forbes.com/taxes/,489
https://www.forbes.com/sites/insights-nuveen/2019/09/18/closed-end-fundamentals-5-answers-to-key-questions/,546
https://www.forbes.com/terms/,560
https://rawnarch.com/washington_university_lofts?t=9,362
https://www.forbes.com/forbes-finds/,545
https://www.linkedin.com/shareArticle?mini=true&url=https%3A%2F%2Fwww.forbes.com%2Fsites%2Ftomvanderark%2F2019%2F09%2F19%2Fa-lesson-we-keep-relearning-its-all-about-relationships%2F&title=A%20Lesson%20We%20Keep%20Relearning%3A%20It's%20All%20About%20Relationships&summary=We%20keep%20rediscovering%20that%20most%20learners%20are%20motivated%20by%20relationships%20and%20grow%20in%20community.,597
http://www.thesandb.com/author/news,658
http://www.forbesmedia.com/,632
https://forbes8.forbes.com/,542
https://www.timeshighereducation.com/world-university-rankings/2018/world-ranking,425
https://www.forbes.com/advisor/credit-cards/best/balance-transfer/,531
https://www.linkedin.com/shareArticle?mini=true&url=https%3A%2F%2Fwww.forbes.com%2Fsites%2Fellevate%2F2019%2F09%2F19%2Fthese-two-essential-books-will-skyrocket-your-career-success%2F&title=These%20Two%20Essential%20Books%20Will%20Skyrocket%20Your%20Career%20Success&summary=The%2080%2F20%20Principle%20by%20Richard%20Koch%20and%20The%20Pomodoro%20Technique%20by%20Francesco%20Cirillo%20are%20essential%20reading%20for%20career%20success.%20Although%20the%20books%20are%20very%20different%20from%20each%20other%2C%20they%20share%20a%20core%20idea%20--%20doing%20more%20with%20less.%20Here's%20how%20these%20books%20could%20be%20a%20game-changer%20for%20your%20career.,581
https://golf.grinnell.edu/sustainability/,246
https://twitter.com/intent/tweet?url=https%3A%2F%2Fwww.forbes.com%2Fsites%2Fschifrin%2F2017%2F08%2F02%2F2017-grateful-grads-index-top-200-best-loved-colleges%2F&via=forbes&text=2017%20Grateful%20Grads%20Index%3A%20Top%20200%20Best-Loved%20Colleges,564
https://rawnarch.com/node/302?t=11,385
http://www.thesandb.com/sections/features,646
https://www.forbes.com/forbes-travel-guide/,515
https://www.forbes.com/sites/careers-at-forbes/,629
https://rawnarch.com/hbs?t=11,386
https://www.linkedin.com/shareArticle?mini=true&url=https%3A%2F%2Fwww.forbes.com%2Fsites%2Fryancraig%2F2019%2F09%2F20%2Fcollege-graduates-are-between-two-ferns%2F&title=College%20Graduates%20Are%20%E2%80%9CBetween%20Two%20Ferns%E2%80%9D&summary=Zach%20Galifianakis%E2%80%99%20Between%20Two%20Ferns%20ran%20sporadically%20on%20Funny%20or%20Die%20for%20nearly%20a%20decade%20and%20showcased%20celebrity%20interviews%20on%20a%20set%20that%20looked%20like%20a%20public%20access%20production%3A%20black%20backdrop%2C%20two%20chairs%2C%20a%20table%2C%20and%20a%20potted%20fern%20on%20either%20side.,573
https://www.forbes.com/advisor/credit-cards/best-credit-cards/,524
https://www.forbes.com/sites/dassaultsystemes/2019/09/16/industry-reborn-how-tech-is-changing-the-way-we-make-things/,540
http://www.thesandb.com/article/first-year-experience-course-aims-to-enhance-student-life.html,674
http://www.thesandb.com,644
http://www.thesandb.com/author/administrator,669
http://www.thesandb.com/sections/news,645
http://www.thesandb.com/staff,639
http://www.thesandb.com/article/makeshift-offers-a-space-for-art-without-rules.html,676
http://www.thesandb.com/wp-login.php,682
https://www.forbes.com/sites/christinasettimi/2019/09/18/imd-and-london-business-school-top-ranking-of-the-best-international-mba-programs/,614
https://www.forbes.com/video/,549
https://www.forbes.com/real-estate,499
https://www.linkedin.com/shareArticle?mini=true&url=https%3A%2F%2Fwww.forbes.com%2Fsites%2Fevangerstmann%2F2019%2F09%2F18%2Fcollege-admissions-scandal-goes-international-as-new-parent-is-arrested%2F&title=College%20Admissions%20Scandal%20Goes%20International%20As%20Chinese%20Parent%20Is%20Arrested&summary=The%20college%20admission%20scandal%20has%20gone%20international%20in%20a%20case%20involving%20the%20University%20of%20California%2C%20Los%20Angeles%20(UCLA).%20A%20Chinese%20citizen%20who%20lives%20in%20Canada%20has%20been%20arrested%20in%20Spain%20for%20paying%20the%20alleged%20scheme%20mastermind%20Peter%20Singer%20%24400%2C000.,601
https://www.forbes.com/self-made-women/,431
https://www.forbes.com/sites/evangerstmann/2019/09/18/college-admissions-scandal-goes-international-as-new-parent-is-arrested/,598
https://rawnarch.com/node/260?t=12,403
https://twitter.com/intent/tweet?url=https%3A%2F%2Fwww.forbes.com%2Fsites%2Fkurtbadenhausen%2F2019%2F09%2F18%2Famericas-best-business-schools-2019-chicago-booth-ranks-on-top%2F&via=forbes&text=America%E2%80%99s%20Best%20Business%20Schools%202019%3A%20Chicago%20Booth%20Ranks%20On%20Top,612
http://www.thesandb.com/article/spaces-on-campus-exploring-the-shaw-waiting-room.html,680
https://www.linkedin.com/shareArticle?mini=true&url=https%3A%2F%2Fwww.forbes.com%2Fsites%2Fschifrin%2F2017%2F08%2F02%2F2017-grateful-grads-index-top-200-best-loved-colleges%2F&title=2017%20Grateful%20Grads%20Index%3A%20Top%20200%20Best-Loved%20Colleges&summary=Which%20colleges%20produce%20the%20happiest%20and%20most%20successful%20alums%3F,565
https://rawnarch.com/stanford_university?t=14,408
https://rawnarch.com/hbs?t=15,412
https://www.forbes.com/cloud/,449
http://www.thesandb.com/sections/multimedia,656
http://www.thesandb.com/sections/arts/concerts,652
https://www.linkedin.com/shareArticle?mini=true&url=https%3A%2F%2Fwww.forbes.com%2Fsites%2Ftaliamilgromelcott%2F2019%2F09%2F19%2Ffoundational-math-launch%2F&title=Can%20Math%20Be%20Joyful%3F&summary=When%20we%20do%20math%20right%2C%20it's%20an%20engine%20of%20opportunity%20and%20a%20predictor%20of%20success%20in%20school%20and%20career.%20But%20so%20often%20math%20lack%20joy%20and%20authenticity.%20A%20new%20report%20commissioned%20by%20100Kin10%20and%20overseen%20by%20dozens%20of%20experts%20lays%20out%20a%20new%20path%20forward.,585
https://www.forbes.com/tips/,558
https://www.facebook.com/recover/initiate?lwv=110&ars=royal_blue_bar,687
https://www.forbes.com/leadership-strategy/,475
https://www.linkedin.com/shareArticle?mini=true&url=https%3A%2F%2Fwww.forbes.com%2Fsites%2Fmattsymonds%2F2019%2F09%2F18%2Ffeeder-colleges-and-companies-to-stanford-gsb-deep-dive-analysis-of-the-mba-class-of-2020%2F&title=Feeder%20Colleges%20And%20Companies%20To%20Stanford%20GSB%3A%20Deep%20Dive%20Analysis%20Of%20The%20MBA%20Class%20Of%202020&summary=Before%20you%20conclude%20that%20an%20Ivy%20league%20degree%20and%20prestige%20company%20are%20your%20golden%20ticket%20to%20Stanford%20GSB%2C%20you%E2%80%99ll%20want%20to%20take%20a%20closer%20look.,625
https://www.forbes.com/sites/impactpartners/,484
http://bit.ly/2Y2rVX8,537
https://www.facebook.com/GrinnellCollegeLibraries/?ref=py_c,703
https://www.forbes.com/advisor/credit-cards/best/airline/,533
https://rawnarch.com/northeastern_f?t=9,353
http://www.thesandb.com/advertise-with-us,637
http://www.thesandb.com/sections/arts,650
https://www.forbes.com/advisor/credit-cards/best/rewards/,528
https://www.facebook.com/dialog/feed?app_id=123694841080850&link=https%3A%2F%2Fwww.forbes.com%2Fsites%2Fryancraig%2F2019%2F09%2F20%2Fcollege-graduates-are-between-two-ferns%2F&picture=https%3A%2F%2Fthumbor.forbes.com%2Fthumbor%2Ffit-in%2F440x0%2Ffilters%253Aformat%2528jpg%2529%2Fhttps%253A%252F%252Fspecials-images.forbesimg.com%252Fimageserve%252F1175173944%252F0x0.jpg&name=College%20Graduates%20Are%20%E2%80%9CBetween%20Two%20Ferns%E2%80%9D&caption=www.forbes.com&description=Zach%20Galifianakis%E2%80%99%20Between%20Two%20Ferns%20ran%20sporadically%20on%20Funny%20or%20Die%20for%20nearly%20a%20decade%20and%20showcased%20celebrity%20interviews%20on%20a%20set%20that%20looked%20like%20a%20public%20access%20production%3A%20black%20backdrop%2C%20two%20chairs%2C%20a%20table%2C%20and%20a%20potted%20fern%20on%20either%20side.,571
http://l.facebook.com/l.php?u=http%3A%2F%2Fwww.grinnell.edu%2F&h=AT3JLdu21TI3LwI9xx8S1GdCAIIAyYlPvFSzaEB5HvFp_PG6Hg1l81RmB7MS36QLD5HBdsGf_oYDFrHTn3XD4ZJgX2Q34J30oOMyzUk7AQtUrQz6Gpd_kM9ihRfn6KTU1c6RUSE7VKYidRrC,689
https://www.linkedin.com/shareArticle?mini=true&url=https%3A%2F%2Fwww.forbes.com%2Fsites%2Fkurtbadenhausen%2F2019%2F09%2F18%2Famericas-best-business-schools-2019-chicago-booth-ranks-on-top%2F&title=America%E2%80%99s%20Best%20Business%20Schools%202019%3A%20Chicago%20Booth%20Ranks%20On%20Top&summary=Chicago%20Booth%20grads%20often%20land%20in%20high-paying%20careers%20in%20finance%20and%20consulting%20after%20getting%20their%20M.B.A.s%2C%20pushing%20their%20returns%20on%20investment%20to%20the%20top%20of%20U.S.%20business%20schools.,613
https://www.wikidata.org/wiki/Special:EntityPage/Q442240,310
https://www.facebook.com/dialog/feed?app_id=123694841080850&link=https%3A%2F%2Fwww.forbes.com%2Fsites%2Fschifrin%2F2017%2F08%2F02%2F2017-college-financial-grades-how-fit-is-your-school%2F&picture=https%3A%2F%2Fthumbor.forbes.com%2Fthumbor%2Ffit-in%2F440x0%2Ffilters%253Aformat%2528jpg%2529%2Fhttps%253A%252F%252Fspecials-images.forbesimg.com%252Fimageserve%252F87448711%252F0x0.jpg%253Ffit%253Dscale&name=2017%20College%20Financial%20Grades%3A%20How%20Fit%20Is%20Your%20School%3F&caption=www.forbes.com&description=Financial%20Fitness%20Test%3A%20Is%20your%20college%20or%20university%20an%20A%20plus%20or%20D%20student%3F,567
https://bluehost.com/wordpress,222
https://www.facebook.com/grinnellcollegealumni/?ref=py_c,693
http://www.thesandb.com/article/noa-goldman-22-either-will-do.html,668
https://www.linkedin.com/shareArticle?mini=true&url=https%3A%2F%2Fwww.forbes.com%2Fsites%2Fzackfriedman%2F2019%2F09%2F19%2Fnew-mexico-announces-free-college%2F&title=New%20Mexico%20Announces%20Free%20College&summary=New%20Mexico%20announces%20historic%20%22free%20college%22%20program.,589
http://www.thesandb.com/page/2,681
https://www.facebook.com/GrinnellCollegeAthletics/?ref=py_c,694
https://www.linkedin.com/shareArticle?mini=true&url=https%3A%2F%2Fwww.forbes.com%2Fsites%2Fnickmorrison%2F2019%2F09%2F19%2Fone-in-three-parents-would-take-their-kids-out-of-flagship-schools%2F&title=One%20In%20Three%20Parents%20Would%20Take%20Their%20Kids%20Out%20Of%20Flagship%20Schools&summary=Although%20much-loved%20by%20government%2C%20controversial%20schools%20have%20failed%20to%20win%20the%20hearts%20and%20minds%20of%20parents%2C%20with%20many%20worried%20that%20they%20put%20profits%20before%20children%E2%80%99s%20best%20interests.,593
https://www.forbes.com/sites/ellevate/2019/09/19/these-two-essential-books-will-skyrocket-your-career-success/,578
https://www.forbes.com/sites/nickmorrison/2019/09/19/one-in-three-parents-would-take-their-kids-out-of-flagship-schools/,590
https://golf.grinnell.edu/product-category/merchandise/,250
https://www.forbes.com/entrepreneurs,505
"https://id.wikipedia.org/wiki/Charles_du_Fresne,_sieur_du_Cange",323
http://www.thesandb.com/article/zipcar-arrives-in-grinnell-community.html,667
https://www.facebook.com/IowaPublicRadio/,720
http://www.thesandb.com/author/community,664
https://www.forbes.com/retirement/,488
https://www.facebook.com/GrinnellSwimDive/?ref=py_c,697
https://l.facebook.com/l.php?u=https%3A%2F%2Ffal.cn%2F342Xd&h=AT2I6bG7fZZ2iFONNIC6OcyjPUEIhwmsAjbc1Vg-7oUsxCVHwDFyX7Ro10bCuLJrx125ARWBT5ZWohulSNDYu8GHl5U1Cc-ySQqDiuM4BOFp4Q9U1A887HxAJRcN8Gel6CJOPoqdHpmvSXvCNX7-3mr5-Yh3Fl89V-A,737
https://l.facebook.com/l.php?u=https%3A%2F%2Ffal.cn%2F342Xd&h=AT0mnGvoHxfrJaFlJgz4JCoIKp3zE49gXA9H-FMRENf9dbSk9ixPiA_TqqKWw1U6Fi-TOM__WUdnkSGnU5gx6Ffp9bwyUUa7YbjgymZEr8dqht2598FjNu1mQgZ2e2l9KUKXq5aIlR-xohbZwxHeCz0RBoTF3buiy71vD5zO9g,739
https://www.usaultimate.org/news/default.aspx?CategoryId=19,195
https://www.timeshighereducation.com/unijobs/employers/,422
https://www.forbes.com/sites/tmobile,521
https://rawnarch.com/williams_college_62_center?t=12,399
http://www.thesandb.com/article/sam-cox-saints-rest-owner-opens-lucky-cat-coffee.html,663
https://www.forbes.com/consumer-tech/,451
https://www.facebook.com/dialog/feed?app_id=123694841080850&link=https%3A%2F%2Fwww.forbes.com%2Fsites%2Fmattsymonds%2F2019%2F09%2F18%2Ffeeder-colleges-and-companies-to-stanford-gsb-deep-dive-analysis-of-the-mba-class-of-2020%2F&picture=https%3A%2F%2Fthumbor.forbes.com%2Fthumbor%2Ffit-in%2F440x0%2Ffilters%253Aformat%2528jpg%2529%2Fhttps%253A%252F%252Fspecials-images.forbesimg.com%252Fdam%252Fimageserve%252F1098129142%252F0x0.jpg%253Ffit%253Dscale&name=Feeder%20Colleges%20And%20Companies%20To%20Stanford%20GSB%3A%20Deep%20Dive%20Analysis%20Of%20The%20MBA%20Class%20Of%202020&caption=www.forbes.com&description=Before%20you%20conclude%20that%20an%20Ivy%20league%20degree%20and%20prestige%20company%20are%20your%20golden%20ticket%20to%20Stanford%20GSB%2C%20you%E2%80%99ll%20want%20to%20take%20a%20closer%20look.,623
https://www.forbes.com/energy/,493
https://www.facebook.com/AlExitoIowa/,719
https://www.grinnell.edu/families,750
https://www.forbes.com/sites/zackfriedman/2019/09/19/new-mexico-announces-free-college/,586
http://www.thesandb.com/sections/arts/galleries,651
https://www.facebook.com/Grinnell-College-Peace-and-Conflict-Studies-Program-141987199224672/,715
http://www.thesandb.com/article/grinnell-professors-discuss-biodiversity-environmental-threats-to-iowa.html,661
https://www.forbes.com/sites/dailydozen/,538
https://twitter.com/intent/tweet?url=https%3A%2F%2Fwww.forbes.com%2Fsites%2Fmattsymonds%2F2019%2F09%2F18%2Ffeeder-colleges-and-companies-to-stanford-gsb-deep-dive-analysis-of-the-mba-class-of-2020%2F&via=forbes&text=Feeder%20Colleges%20And%20Companies%20To%20Stanford%20GSB%3A%20Deep%20Dive%20Analysis%20Of%20The%20MBA%20Class%20Of%202020,624
https://l.facebook.com/l.php?u=https%3A%2F%2Ffal.cn%2F342Xd&h=AT3ZKlk0LnhUGkkL81pLVeL8qYMY01kw43ZGBq3R1hqNTY_YCpqMpsk0HrenDvKvri1zz0RZA0Zhc2Vn895VPR8fGs4bbyH0-LSCLi1oeIhjVIFMlD-puxuQDavKxct_Ct01OFyC_NV3TbcOeCA_WP_qZZEe2LTsNjY,738
https://twitter.com/intent/tweet?url=https%3A%2F%2Fwww.forbes.com%2Fsites%2Frodberger%2F2019%2F09%2F18%2Fa-focus-on-early-stem-education-for-future-career-growth%2F&via=forbes&text=A%20Focus%20On%20Early%20STEM%20Education%20For%20Future%20Career%20Growth,608
"https://de.wikipedia.org/wiki/Charles_du_Fresne,_sieur_du_Cange",318
https://mail.google.com/mail/?tab=pm,86
https://www.forbes.com/watches/,518
http://catalog.grinnell.edu/,748
https://www.forbes.com/under30/,476
https://www.facebook.com/dialog/feed?app_id=123694841080850&link=https%3A%2F%2Fwww.forbes.com%2Fsites%2Ftaliamilgromelcott%2F2019%2F09%2F19%2Ffoundational-math-launch%2F&picture=https%3A%2F%2Fthumbor.forbes.com%2Fthumbor%2Ffit-in%2F440x0%2Ffilters%253Aformat%2528jpg%2529%2Fhttps%253A%252F%252Fblogs-images.forbes.com%252Ftaliamilgromelcott%252Ffiles%252F2019%252F09%252FTeachingWorks_MVI_8114.MP4_.00_01_13_03.Still003-1200x675.jpg&name=Can%20Math%20Be%20Joyful%3F&caption=www.forbes.com&description=When%20we%20do%20math%20right%2C%20it's%20an%20engine%20of%20opportunity%20and%20a%20predictor%20of%20success%20in%20school%20and%20career.%20But%20so%20often%20math%20lack%20joy%20and%20authenticity.%20A%20new%20report%20commissioned%20by%20100Kin10%20and%20overseen%20by%20dozens%20of%20experts%20lays%20out%20a%20new%20path%20forward.,583
https://www.forbes.com/healthcare/,457
http://www.thesandb.com/article/31202.html,666
https://www.facebook.com/places/Things-to-do-in-Grinnell-Iowa/107765065912349/,729
https://www.facebook.com/Rosenfield-Program-Grinnell-College-121613464525637/,723
https://www.google.com/intl/en/about/products?tab=ph,88
https://www.forbes.com/30-under-30-nominations/,535
https://www.facebook.com/grinwellness/,722
https://rawnarch.com/tufts_university?t=14,409
https://www.forbes.com/sites/schifrin/2017/08/02/2017-grateful-grads-index-top-200-best-loved-colleges/,562
http://www.thesandb.com/opinion/the-scarlet-black-horoscope-the-signs-as-presidential-candidates.html,671
https://www.facebook.com/GrinnellEnglish/,724
https://www.facebook.com/places/,728
https://www.forbes.com/sites/ishares/2019/09/03/invest-with-a-purpose-help-build-a-better-future-with-sustainable-etfs/,552
https://www.grinnell.edu/after-grinnell/graduate-outcomes-all-majors,792
https://newsletters.editorial.forbes.com/?utm_source=forbes&utm_medium=featured&utm_campaign=navigation,553
http://www.thesandb.com/sections/arts/writersgrinnell,653
https://rawnarch.com/phillips_academy?t=12,394
http://www.grinnell.edu/admission,775
https://alumni.grinnell.edu/community/class-pages/1960,814
https://www.facebook.com/gcpublicevents/,721
https://rawnarch.com/node/255?t=10,371
https://www.facebook.com/grinnellcollege/?hc_ref=ARRAwgobR05IOIJHG9AL5GhP74yJ_eUacvhCHC4pMeYL1ftG_ESCGYUTZlNRxE0JKB0&fref=nf,741
http://www.thesandb.com/sections/community,655
https://www.grinnell.edu/academics/global,781
https://alumni.grinnell.edu/community/class-pages/1954,808
https://alumni.grinnell.edu/alumni-directory,762
http://www.thesandb.com/send-a-letter-to-the-editor,635
https://www.forbes.com/advisor/credit-cards/best/business/,526
https://www.forbes.com/sites/kurtbadenhausen/2019/09/18/the-best-business-schools-2019-behind-the-numbers/,618
https://www.grinnell.edu/after-grinnell/experiential-learning,791
https://www.forbes.com/advisor/credit-cards/best/cash-back/,530
http://www.thesandb.com/article/college-wind-turbine-loses-blade-to-lightning-strike.html,672
https://twitter.com/intent/tweet?url=https%3A%2F%2Fwww.forbes.com%2Fsites%2Fchristinasettimi%2F2019%2F09%2F18%2Fimd-and-london-business-school-top-ranking-of-the-best-international-mba-programs%2F&via=forbes&text=IMD%20And%20London%20Business%20School%20Top%20Ranking%20Of%20The%20Best%20International%20MBA%20Programs,616
http://www.thesandb.com/opinion/talking-about-talking-on-being-a-climate-change-burnout.html,670
http://www.thesandb.com/article/press-offers-student-publishing-platform.html,678
https://www.forbes.com/sites/workday/,477
https://the-live.co.uk/2019/en/page/landing-page,423
http://www.thesandb.com/sections/staff-ed,649
http://www.grinnell.edu/about/at-a-glance,771
https://twitter.com/intent/tweet?url=https%3A%2F%2Fwww.forbes.com%2Fsites%2Ftaliamilgromelcott%2F2019%2F09%2F19%2Ffoundational-math-launch%2F&via=forbes&text=Can%20Math%20Be%20Joyful%3F,584
https://www.forbes.com/banking-insurance/,479
https://www.facebook.com/grinnellcollege/?hc_ref=ARSIf-Ho4hL2jZHltu8BaR8JMdYvB0mJtPyCn5Mo0qFO_U8WVEYUogcwbQ_0RmBpHwg&fref=nf,736
https://www.facebook.com/ad_campaign/landing.php?placement=pf_rhc&campaign_id=242449722530626&extra_1=auto,732
http://www.thesandb.com/article/remembering-jackie-brown.html,657
